% logfile for Python side
% 1 time (sec)
% 2 Mission state
% 3,4,5 (x,y,h) (m,m,rad)
% 6 Camera frame count
% 7-9 Line sensor: line position, e*kp, control y (rad/s), validCnt
%     Line sensor: Kp=0.7, tau_z=1.5s, tau_p=0.05s
% 10,11 trip A (distance and heading change)
% 12,13 trip B (distance and heading change)
% 1776177090.3781977 robobot/cmd/ti log 1
% 1776177090.3782682 robobot/cmd/T0 servo 1 -900 200
% 1776177090.378294 robobot/cmd/ti alive 2026-04-14 16:31:30.374114
1776177090.4259033 0 0.228 -0.132 0.510 0 0.00 0.00 0.000 0.000 0 0.000 0.510 0.0000 0.5104
1776177090.4762626 0 0.228 -0.132 0.510 0 0.00 0.00 0.000 0.000 0 0.000 0.510 0.0000 0.5104
1776177090.4775145 0 0.228 -0.132 0.510 0 0.00 0.00 0.000 0.000 0 0.000 0.510 0.0000 0.5104
1776177090.5266314 0 0.228 -0.132 0.510 0 0.00 0.00 0.000 0.000 0 0.000 0.510 0.0000 0.5104
% 1776177090.529334 robobot/cmd/T0 enc0
% 1776177090.5294204 robobot/cmd/T0 confw 0.0750 0.0750 19 92 0.234
% 1776177090.529486 robobot/cmd/T0 confi
1776177090.576061 0 0.000 0.000 0.000 0 0.00 0.00 0.000 0.000 0 0.000 0.000 0.0000 0.0000
1776177090.5771863 0 0.000 0.000 0.000 0 0.00 0.00 0.000 0.000 0 0.000 0.000 0.0000 0.0000
1776177090.6263075 0 0.000 0.000 0.000 0 0.00 0.00 0.000 0.000 0 0.000 0.000 0.0000 0.0000
% 1776177090.6440527 robobot/cmd/T0 lip 1
% 1776177090.6444438 robobot/cmd/T0 sub livn 10
% 1776177090.6647446 robobot/cmd/T0 liwi
1776177090.6767225 0 0.000 0.000 0.000 1 0.00 0.00 0.000 0.000 0 0.000 0.000 0.0000 0.0000
1776177090.6768398 0 0.000 0.000 0.000 1 0.00 2.00 0.000 0.000 1 0.000 0.000 0.0000 0.0000
% 1776177090.6850922 robobot/cmd/T0 leds 14 0 0 80
% 1776177090.6852705 robobot/cmd/T0 leds 15 0 0 80
% 1776177090.6854346 robobot/cmd/T0 leds 16 0 0 80
% 1776177090.6870127 robobot/cmd/ti rc 0.180 0.000 1776177090.6869037
% 1776177090.697083 robobot/cmd/ti rc 0.180 4.000 1776177090.6968825
% 1776177090.7068803 robobot/cmd/ti rc 0.180 3.363 1776177090.7067108
% 1776177090.716913 robobot/cmd/ti rc 0.180 -4.000 1776177090.7166886
1776177090.7264318 0 0.002 0.000 0.029 1 0.00 2.00 0.000 -4.000 3 0.001 0.029 0.0015 0.0288
% 1776177090.72782 robobot/cmd/ti rc 0.180 -3.228 1776177090.727608
% 1776177090.7375782 robobot/cmd/ti rc 0.180 -2.606 1776177090.737429
% 1776177090.7475696 robobot/cmd/ti rc 0.180 -2.103 1776177090.7473428
% 1776177090.7574103 robobot/cmd/ti rc 0.180 -1.697 1776177090.7572796
% 1776177090.7673385 robobot/cmd/ti rc 0.180 -1.370 1776177090.7672095
1776177090.7770555 0 0.008 -0.000 -0.042 1 1.00 2.00 0.000 -1.370 8 0.007 -0.042 0.0071 -0.0415
% 1776177090.7773576 robobot/cmd/ti rc 0.180 -1.106 1776177090.7772212
1776177090.777371 0 0.008 -0.000 -0.042 1 0.00 2.00 0.000 -1.106 9 0.007 -0.042 0.0071 -0.0415
% 1776177090.7870572 robobot/cmd/ti rc 0.180 -0.892 1776177090.7869434
% 1776177090.7970324 robobot/cmd/ti rc 0.180 4.000 1776177090.7969072
% 1776177090.8073127 robobot/cmd/ti rc 0.180 3.363 1776177090.8071485
% 1776177090.8172543 robobot/cmd/ti rc 0.180 2.850 1776177090.8170962
1776177090.8269348 0 0.015 -0.000 -0.024 1 0.00 1.00 0.700 2.850 11 0.014 -0.024 0.0136 -0.0242
% 1776177090.8271441 robobot/cmd/ti rc 0.180 2.435 1776177090.827019
% 1776177090.8371577 robobot/cmd/ti rc 0.180 2.100 1776177090.8369615
% 1776177090.847174 robobot/cmd/ti rc 0.180 1.830 1776177090.8470128
% 1776177090.857608 robobot/cmd/ti rc 0.180 1.612 1776177090.8574615
% 1776177090.867249 robobot/cmd/ti rc 0.180 1.436 1776177090.8671017
1776177090.8771298 0 0.022 -0.000 0.032 1 0.00 1.00 0.700 1.436 14 0.022 0.032 0.0219 0.0323
% 1776177090.8773496 robobot/cmd/ti rc 0.180 1.294 1776177090.877207
1776177090.8773634 0 0.022 -0.000 0.032 1 0.00 1.00 0.700 1.294 13 0.022 0.032 0.0219 0.0323
% 1776177090.879311 robobot/cmd/ti alive 2026-04-14 16:31:30.374114
% 1776177090.8871765 robobot/cmd/ti rc 0.180 1.180 1776177090.8870568
% 1776177090.8971057 robobot/cmd/ti rc 0.180 1.087 1776177090.896986
% 1776177090.906975 robobot/cmd/ti rc 0.180 -4.000 1776177090.9068382
% 1776177090.916844 robobot/cmd/ti rc 0.180 -3.228 1776177090.9167228
1776177090.927197 0 0.030 0.000 0.063 1 1.00 2.00 0.000 -3.228 13 0.030 0.063 0.0300 0.0634
% 1776177090.9275112 robobot/cmd/ti rc 0.180 -2.606 1776177090.9272807
% 1776177090.937284 robobot/cmd/ti rc 0.180 -2.103 1776177090.937162
% 1776177090.947226 robobot/cmd/ti rc 0.180 -1.697 1776177090.9470925
% 1776177090.957016 robobot/cmd/ti rc 0.180 -1.370 1776177090.9568865
% 1776177090.966878 robobot/cmd/ti rc 0.180 -1.106 1776177090.9667456
1776177090.9767847 0 0.039 0.000 0.007 1 1.00 2.00 0.000 -1.106 12 0.039 0.007 0.0386 0.0069
% 1776177090.9770238 robobot/cmd/ti rc 0.180 4.000 1776177090.9768832
1776177090.9770415 0 0.039 0.000 0.007 1 0.00 1.00 0.700 4.000 13 0.039 0.007 0.0386 0.0069
% 1776177090.986898 robobot/cmd/ti rc 0.180 3.363 1776177090.9867682
% 1776177090.9969752 robobot/cmd/ti rc 0.180 2.850 1776177090.996775
% 1776177091.0071394 robobot/cmd/ti rc 0.180 2.435 1776177091.006946
% 1776177091.0168693 robobot/cmd/ti rc 0.180 2.100 1776177091.0167363
1776177091.0266552 0 0.048 0.001 0.063 1 0.00 1.00 0.700 2.100 15 0.048 0.063 0.0482 0.0634
% 1776177091.0269036 robobot/cmd/ti rc 0.180 1.830 1776177091.0267549
% 1776177091.036918 robobot/cmd/ti rc 0.180 1.612 1776177091.0367842
% 1776177091.0470855 robobot/cmd/ti rc 0.180 1.436 1776177091.0469213
% 1776177091.0568302 robobot/cmd/ti rc 0.180 -4.000 1776177091.0566928
% 1776177091.0678108 robobot/cmd/ti rc 0.180 -3.228 1776177091.0676832
1776177091.076622 0 0.057 0.001 0.093 1 1.00 2.00 0.000 -3.228 16 0.058 0.093 0.0583 0.0933
% 1776177091.0778513 robobot/cmd/ti rc 0.180 -2.606 1776177091.0777216
1776177091.0778663 0 0.057 0.001 0.093 1 1.00 2.00 0.000 -2.606 17 0.058 0.093 0.0583 0.0933
% 1776177091.0876386 robobot/cmd/ti rc 0.180 -2.103 1776177091.0875084
% 1776177091.0975614 robobot/cmd/ti rc 0.180 -1.697 1776177091.0974307
% 1776177091.1074579 robobot/cmd/ti rc 0.180 -1.370 1776177091.1073165
% 1776177091.1175418 robobot/cmd/ti rc 0.180 -1.106 1776177091.1173904
1776177091.1271574 0 0.066 0.002 0.040 1 1.00 2.00 0.000 -1.106 20 0.067 0.040 0.0670 0.0403
% 1776177091.1273777 robobot/cmd/ti rc 0.180 -0.892 1776177091.1272478
% 1776177091.1372328 robobot/cmd/ti rc 0.180 4.000 1776177091.137095
% 1776177091.14733 robobot/cmd/ti rc 0.180 3.363 1776177091.1471229
% 1776177091.1570852 robobot/cmd/ti rc 0.180 2.850 1776177091.1569667
% 1776177091.1670198 robobot/cmd/ti rc 0.180 2.435 1776177091.166897
1776177091.176768 0 0.075 0.002 0.080 1 0.00 1.00 0.700 2.435 19 0.076 0.080 0.0756 0.0795
% 1776177091.1769915 robobot/cmd/ti rc 0.180 2.100 1776177091.1768584
1776177091.1770072 0 0.075 0.002 0.080 1 0.00 1.00 0.700 2.100 18 0.076 0.080 0.0756 0.0795
% 1776177091.187912 robobot/cmd/ti rc 0.180 1.830 1776177091.1877809
% 1776177091.197907 robobot/cmd/ti rc 0.180 -4.000 1776177091.197776
% 1776177091.207688 robobot/cmd/ti rc 0.180 -3.228 1776177091.2075586
% 1776177091.2175074 robobot/cmd/ti rc 0.180 -2.606 1776177091.217383
1776177091.2272997 0 0.084 0.003 0.088 1 1.00 2.00 0.000 -2.606 20 0.084 0.088 0.0844 0.0876
% 1776177091.2275362 robobot/cmd/ti rc 0.180 -2.103 1776177091.2274075
% 1776177091.2373452 robobot/cmd/ti rc 0.180 -1.697 1776177091.2372239
% 1776177091.2474442 robobot/cmd/ti rc 0.180 -1.370 1776177091.2472525
% 1776177091.2571406 robobot/cmd/ti rc 0.180 -1.106 1776177091.257025
% 1776177091.2673142 robobot/cmd/ti rc 0.180 -0.892 1776177091.267172
1776177091.2777624 0 0.092 0.004 0.043 1 1.00 2.00 0.000 -0.892 16 0.094 0.043 0.0940 0.0426
% 1776177091.2780101 robobot/cmd/ti rc 0.180 -0.720 1776177091.277851
1776177091.2780278 0 0.092 0.004 0.043 1 1.00 2.00 0.000 -0.720 15 0.094 0.043 0.0940 0.0426
% 1776177091.2877781 robobot/cmd/ti rc 0.180 -0.581 1776177091.2876709
% 1776177091.297661 robobot/cmd/ti rc 0.180 -0.469 1776177091.2975523
% 1776177091.3075788 robobot/cmd/ti rc 0.180 -0.379 1776177091.3074672
% 1776177091.3175504 robobot/cmd/ti rc 0.180 4.000 1776177091.317417
1776177091.3272226 0 0.100 0.004 0.010 1 0.00 1.00 0.700 4.000 13 0.101 0.010 0.1014 0.0104
% 1776177091.3274474 robobot/cmd/ti rc 0.180 3.363 1776177091.3273149
% 1776177091.3377357 robobot/cmd/ti rc 0.180 2.850 1776177091.3375812
% 1776177091.347642 robobot/cmd/ti rc 0.180 2.435 1776177091.3474972
% 1776177091.3575788 robobot/cmd/ti rc 0.180 2.100 1776177091.3574362
% 1776177091.3674839 robobot/cmd/ti rc 0.180 1.830 1776177091.3673398
1776177091.377182 0 0.110 0.004 0.075 1 0.00 1.00 0.700 1.830 16 0.110 0.075 0.1103 0.0749
% 1776177091.3773842 robobot/cmd/ti rc 0.180 1.612 1776177091.3772604
1776177091.3773994 0 0.110 0.004 0.075 1 0.00 1.00 0.700 1.612 15 0.110 0.075 0.1103 0.0749
% 1776177091.3803723 robobot/cmd/ti alive 2026-04-14 16:31:30.374114
% 1776177091.3875468 robobot/cmd/ti rc 0.180 1.436 1776177091.3874137
% 1776177091.3978736 robobot/cmd/ti rc 0.180 1.294 1776177091.397696
% 1776177091.4077854 robobot/cmd/ti rc 0.180 1.180 1776177091.4076076
% 1776177091.4177148 robobot/cmd/ti rc 0.180 -4.000 1776177091.4174955
1776177091.4273827 0 0.119 0.005 0.127 1 1.00 2.00 0.000 -4.000 13 0.119 0.127 0.1194 0.1267
% 1776177091.4276147 robobot/cmd/ti rc 0.180 -3.228 1776177091.4274874
% 1776177091.4375076 robobot/cmd/ti rc 0.180 -2.606 1776177091.4373846
% 1776177091.448238 robobot/cmd/ti rc 0.180 -2.103 1776177091.4480677
% 1776177091.4580626 robobot/cmd/ti rc 0.180 -1.697 1776177091.457915
% 1776177091.467983 robobot/cmd/ti rc 0.180 -1.370 1776177091.4678538
1776177091.4767656 0 0.129 0.006 0.039 1 1.00 2.00 0.000 -1.370 18 0.130 0.039 0.1305 0.0392
% 1776177091.478005 robobot/cmd/ti rc 0.180 -1.106 1776177091.4778783
1776177091.4780185 0 0.129 0.006 0.039 1 1.00 2.00 0.000 -1.106 19 0.130 0.039 0.1305 0.0392
% 1776177091.4878864 robobot/cmd/ti rc 0.180 4.000 1776177091.4877467
% 1776177091.4978452 robobot/cmd/ti rc 0.180 3.363 1776177091.4977171
% 1776177091.5076926 robobot/cmd/ti rc 0.180 2.850 1776177091.5075557
% 1776177091.518524 robobot/cmd/ti rc 0.180 2.435 1776177091.5183983
1776177091.5283704 0 0.138 0.006 0.063 1 0.00 1.00 0.700 2.435 20 0.139 0.063 0.1390 0.0634
% 1776177091.5285869 robobot/cmd/ti rc 0.180 2.100 1776177091.5284615
% 1776177091.5385249 robobot/cmd/ti rc 0.180 1.830 1776177091.5384014
% 1776177091.5484602 robobot/cmd/ti rc 0.180 -4.000 1776177091.548332
% 1776177091.558224 robobot/cmd/ti rc 0.180 -3.228 1776177091.5581105
% 1776177091.5681684 robobot/cmd/ti rc 0.180 -2.606 1776177091.5680227
1776177091.578021 0 0.147 0.007 0.071 1 1.00 2.00 0.000 -2.606 20 0.147 0.071 0.1474 0.0714
% 1776177091.5782588 robobot/cmd/ti rc 0.180 -2.103 1776177091.5781255
1776177091.5782723 0 0.147 0.007 0.071 1 1.00 2.00 0.000 -2.103 20 0.147 0.071 0.1474 0.0714
% 1776177091.5884552 robobot/cmd/ti rc 0.180 -1.697 1776177091.5883124
% 1776177091.5984938 robobot/cmd/ti rc 0.180 -1.370 1776177091.5982833
% 1776177091.6083264 robobot/cmd/ti rc 0.180 -1.106 1776177091.6081734
% 1776177091.6183224 robobot/cmd/ti rc 0.180 4.000 1776177091.6181686
1776177091.6279461 0 0.155 0.007 0.020 1 0.00 1.00 0.700 4.000 19 0.156 0.020 0.1558 0.0196
% 1776177091.6281822 robobot/cmd/ti rc 0.180 3.363 1776177091.6280522
% 1776177091.6384568 robobot/cmd/ti rc 0.180 2.850 1776177091.6379657
% 1776177091.6482093 robobot/cmd/ti rc 0.180 2.435 1776177091.6478782
% 1776177091.6589665 robobot/cmd/ti rc 0.180 2.100 1776177091.658676
% 1776177091.6682937 robobot/cmd/ti rc 0.180 -4.000 1776177091.6680214
1776177091.6778498 0 0.164 0.008 0.090 1 1.00 2.00 0.000 -4.000 19 0.165 0.090 0.1649 0.0899
% 1776177091.67818 robobot/cmd/ti rc 0.180 -3.228 1776177091.677952
1776177091.678193 0 0.164 0.008 0.090 1 1.00 2.00 0.000 -3.228 20 0.165 0.090 0.1649 0.0899
% 1776177091.6879807 robobot/cmd/ti rc 0.180 -2.606 1776177091.6877244
% 1776177091.6987503 robobot/cmd/ti rc 0.180 -2.103 1776177091.6986232
% 1776177091.708629 robobot/cmd/ti rc 0.180 -1.697 1776177091.7085207
% 1776177091.7185757 robobot/cmd/ti rc 0.180 -1.370 1776177091.7183852
1776177091.728269 0 0.172 0.008 0.023 1 1.00 2.00 0.000 -1.370 20 0.173 0.023 0.1729 0.0230
% 1776177091.72855 robobot/cmd/ti rc 0.180 -1.106 1776177091.7283618
% 1776177091.7384865 robobot/cmd/ti rc 0.180 4.000 1776177091.7383187
% 1776177091.7482922 robobot/cmd/ti rc 0.180 3.363 1776177091.7481241
% 1776177091.7582855 robobot/cmd/ti rc 0.180 2.850 1776177091.7581248
% 1776177091.7681942 robobot/cmd/ti rc 0.180 2.435 1776177091.7680373
1776177091.777862 0 0.181 0.008 0.054 1 0.00 1.00 0.700 2.435 20 0.182 0.054 0.1825 0.0541
% 1776177091.778054 robobot/cmd/ti rc 0.180 2.100 1776177091.7779493
1776177091.7780662 0 0.181 0.008 0.054 1 0.00 1.00 0.700 2.100 20 0.182 0.054 0.1825 0.0541
% 1776177091.788079 robobot/cmd/ti rc 0.180 -4.000 1776177091.7878425
% 1776177091.7980216 robobot/cmd/ti rc 0.180 -3.228 1776177091.7978373
% 1776177091.8089712 robobot/cmd/ti rc 0.180 -2.606 1776177091.8087947
% 1776177091.8188128 robobot/cmd/ti rc 0.180 -2.103 1776177091.8186285
1776177091.8278003 0 0.191 0.009 -0.000 1 1.00 2.00 0.000 -2.103 20 0.191 0.000 0.1913 0.0000
% 1776177091.8280551 robobot/cmd/ti rc 0.180 -1.697 1776177091.8278818
% 1776177091.839307 robobot/cmd/ti rc 0.180 4.000 1776177091.8389573
% 1776177091.848892 robobot/cmd/ti rc 0.180 3.363 1776177091.8485734
% 1776177091.8586812 robobot/cmd/ti rc 0.180 2.850 1776177091.8584516
% 1776177091.869414 robobot/cmd/ti rc 0.180 2.435 1776177091.8686457
1776177091.8784413 0 0.199 0.009 0.031 1 0.00 1.00 0.700 2.435 20 0.201 0.031 0.2009 0.0311
% 1776177091.8788574 robobot/cmd/ti rc 0.180 2.100 1776177091.8785563
1776177091.8788793 0 0.199 0.009 0.031 1 0.00 1.00 0.700 2.100 20 0.201 0.031 0.2009 0.0311
% 1776177091.881402 robobot/cmd/ti alive 2026-04-14 16:31:30.374114
% 1776177091.888551 robobot/cmd/ti rc 0.180 1.830 1776177091.8883638
% 1776177091.8988497 robobot/cmd/ti rc 0.180 -4.000 1776177091.898658
% 1776177091.908857 robobot/cmd/ti rc 0.180 -3.228 1776177091.9086645
% 1776177091.9187884 robobot/cmd/ti rc 0.180 -2.606 1776177091.918633
1776177091.9284847 0 0.207 0.009 0.023 1 0.00 2.00 0.000 -2.606 20 0.209 0.023 0.2088 0.0230
% 1776177091.928708 robobot/cmd/ti rc 0.180 -2.103 1776177091.9285643
% 1776177091.938835 robobot/cmd/ti rc 0.180 4.000 1776177091.9386458
% 1776177091.9489791 robobot/cmd/ti rc 0.180 3.363 1776177091.9487884
% 1776177091.9588757 robobot/cmd/ti rc 0.180 2.850 1776177091.9586873
% 1776177091.968836 robobot/cmd/ti rc 0.180 2.435 1776177091.96864
1776177091.9784539 0 0.216 0.009 0.055 1 0.00 1.00 0.700 2.435 20 0.218 0.055 0.2183 0.0553
% 1776177091.9787345 robobot/cmd/ti rc 0.180 2.100 1776177091.9785488
1776177091.9787474 0 0.216 0.009 0.055 1 0.00 1.00 0.700 2.100 20 0.218 0.055 0.2183 0.0553
% 1776177091.9888666 robobot/cmd/ti rc 0.180 1.830 1776177091.9886293
% 1776177091.998651 robobot/cmd/ti rc 0.180 -4.000 1776177091.998471
% 1776177092.0086076 robobot/cmd/ti rc 0.180 -3.228 1776177092.0084248
% 1776177092.0185938 robobot/cmd/ti rc 0.180 -2.606 1776177092.0183918
1776177092.028376 0 0.224 0.010 0.067 1 1.00 2.00 0.000 -2.606 20 0.227 0.067 0.2266 0.0668
% 1776177092.0288026 robobot/cmd/ti rc 0.180 -2.103 1776177092.0285187
% 1776177092.0387745 robobot/cmd/ti rc 0.180 -1.697 1776177092.0383883
% 1776177092.048714 robobot/cmd/ti rc 0.180 -1.370 1776177092.0484946
% 1776177092.0587323 robobot/cmd/ti rc 0.180 -1.106 1776177092.0585623
% 1776177092.069009 robobot/cmd/ti rc 0.180 -0.892 1776177092.0687332
1776177092.078675 0 0.233 0.010 0.022 1 0.00 2.00 0.000 -0.892 20 0.236 0.022 0.2364 0.0219
% 1776177092.079006 robobot/cmd/ti rc 0.180 -0.720 1776177092.0787697
1776177092.079022 0 0.233 0.010 0.022 1 0.00 2.00 0.000 -0.720 20 0.236 0.022 0.2364 0.0219
% 1776177092.088889 robobot/cmd/ti rc 0.180 4.000 1776177092.0886474
% 1776177092.098136 robobot/cmd/ti rc 0.180 3.363 1776177092.09802
% 1776177092.1084545 robobot/cmd/ti rc 0.180 2.850 1776177092.1082094
% 1776177092.1183987 robobot/cmd/ti rc 0.180 2.435 1776177092.1181757
1776177092.1287441 0 0.242 0.010 0.052 1 0.00 1.00 0.700 2.435 20 0.245 0.052 0.2451 0.0518
% 1776177092.1290085 robobot/cmd/ti rc 0.180 -4.000 1776177092.1288424
% 1776177092.1388092 robobot/cmd/ti rc 0.180 -3.228 1776177092.1386778
% 1776177092.148804 robobot/cmd/ti rc 0.180 -2.606 1776177092.1486633
% 1776177092.1587942 robobot/cmd/ti rc 0.180 -2.103 1776177092.1586657
% 1776177092.1685781 robobot/cmd/ti rc 0.180 -1.697 1776177092.1684484
% 1776177092.1784997 robobot/cmd/ti rc 0.180 -1.370 1776177092.1783907
1776177092.178518 0 0.251 0.011 -0.007 1 0.00 2.00 0.000 -1.370 20 0.253 -0.007 0.2534 -0.0069
1776177092.178671 0 0.251 0.011 -0.008 1 0.00 2.00 0.000 -1.370 20 0.253 -0.008 0.2534 -0.0081
% 1776177092.1884851 robobot/cmd/ti rc 0.180 -1.106 1776177092.1883533
% 1776177092.198392 robobot/cmd/ti rc 0.180 4.000 1776177092.198274
% 1776177092.20884 robobot/cmd/ti rc 0.180 3.363 1776177092.2085726
% 1776177092.2181869 robobot/cmd/ti rc 0.180 2.850 1776177092.2180562
% 1776177092.2282314 robobot/cmd/ti rc 0.180 2.435 1776177092.227944
1776177092.229171 0 0.259 0.011 -0.010 1 0.00 1.00 0.700 2.435 20 0.263 -0.010 0.2633 -0.0104
% 1776177092.2392094 robobot/cmd/ti rc 0.180 -4.000 1776177092.239005
% 1776177092.2483747 robobot/cmd/ti rc 0.180 4.000 1776177092.248183
% 1776177092.2581172 robobot/cmd/ti rc 0.180 -4.000 1776177092.257948
% 1776177092.2679906 robobot/cmd/ti rc 0.180 -3.228 1776177092.2678738
% 1776177092.278114 robobot/cmd/ti rc 0.180 -2.606 1776177092.2779481
1776177092.2781346 0 0.268 0.011 0.007 1 0.00 2.00 0.000 -2.606 20 0.272 0.007 0.2722 0.0069
1776177092.2789955 0 0.268 0.011 0.002 1 0.00 2.00 0.000 -2.606 20 0.272 0.002 0.2722 0.0023
% 1776177092.2889795 robobot/cmd/ti rc 0.180 -2.103 1776177092.2887363
% 1776177092.29886 robobot/cmd/ti rc 0.180 4.000 1776177092.2987251
% 1776177092.3087983 robobot/cmd/ti rc 0.180 3.363 1776177092.3085732
% 1776177092.3185472 robobot/cmd/ti rc 0.180 2.850 1776177092.3184226
% 1776177092.3285272 robobot/cmd/ti rc 0.180 2.435 1776177092.328407
1776177092.3295097 0 0.277 0.010 0.002 1 0.00 1.00 0.700 2.435 20 0.281 0.002 0.2814 0.0023
% 1776177092.3386915 robobot/cmd/ti rc 0.180 2.100 1776177092.3383033
% 1776177092.3482378 robobot/cmd/ti rc 0.180 1.830 1776177092.3481185
% 1776177092.3581936 robobot/cmd/ti rc 0.180 1.612 1776177092.3580792
% 1776177092.368066 robobot/cmd/ti rc 0.180 -4.000 1776177092.3679447
% 1776177092.3781204 robobot/cmd/ti rc 0.180 -3.228 1776177092.3779507
1776177092.3781402 0 0.286 0.011 0.048 1 0.00 2.00 0.000 -3.228 20 0.290 0.048 0.2900 0.0484
1776177092.3790393 0 0.287 0.011 0.052 1 0.00 2.00 0.000 -3.228 20 0.290 0.052 0.2900 0.0518
% 1776177092.3828003 robobot/cmd/ti alive 2026-04-14 16:31:30.374114
% 1776177092.3891418 robobot/cmd/ti rc 0.180 -2.606 1776177092.3889773
% 1776177092.3990333 robobot/cmd/ti rc 0.180 -2.103 1776177092.3989043
% 1776177092.4089062 robobot/cmd/ti rc 0.180 -1.697 1776177092.4087367
% 1776177092.4190266 robobot/cmd/ti rc 0.180 -1.370 1776177092.4187942
% 1776177092.4288905 robobot/cmd/ti rc 0.180 4.000 1776177092.4286647
1776177092.4290257 0 0.295 0.011 -0.001 1 0.00 1.00 0.700 4.000 20 0.300 -0.001 0.3001 -0.0012
% 1776177092.4389975 robobot/cmd/ti rc 0.180 3.363 1776177092.4387095
% 1776177092.4489145 robobot/cmd/ti rc 0.180 2.850 1776177092.44869
% 1776177092.458648 robobot/cmd/ti rc 0.180 2.435 1776177092.4584868
% 1776177092.4685686 robobot/cmd/ti rc 0.180 2.100 1776177092.4684296
% 1776177092.4791036 robobot/cmd/ti rc 0.180 -4.000 1776177092.4781473
1776177092.4791327 0 0.304 0.011 0.055 1 0.00 2.00 0.000 -4.000 20 0.309 0.055 0.3087 0.0553
1776177092.4792624 0 0.305 0.011 0.059 1 0.00 2.00 0.000 -4.000 20 0.309 0.059 0.3087 0.0588
% 1776177092.4882755 robobot/cmd/ti rc 0.180 -3.228 1776177092.488131
% 1776177092.4980974 robobot/cmd/ti rc 0.180 -2.606 1776177092.4979613
% 1776177092.5093448 robobot/cmd/ti rc 0.180 -2.103 1776177092.509161
% 1776177092.5192366 robobot/cmd/ti rc 0.180 -1.697 1776177092.5190346
% 1776177092.5291286 robobot/cmd/ti rc 0.180 -1.370 1776177092.5289059
1776177092.5292413 0 0.314 0.012 0.020 1 0.00 2.00 0.000 -1.370 20 0.318 0.020 0.3176 0.0196
% 1776177092.539276 robobot/cmd/ti rc 0.180 4.000 1776177092.5390399
% 1776177092.5492017 robobot/cmd/ti rc 0.180 3.363 1776177092.5489585
% 1776177092.5583007 robobot/cmd/ti rc 0.180 2.850 1776177092.5580769
% 1776177092.5681713 robobot/cmd/ti rc 0.180 2.435 1776177092.5680368
% 1776177092.5781834 robobot/cmd/ti rc 0.180 2.100 1776177092.578051
1776177092.578206 0 0.323 0.012 0.058 1 0.00 1.00 0.700 2.100 20 0.327 0.058 0.3266 0.0576
1776177092.5791976 0 0.324 0.012 0.063 1 0.00 1.00 0.700 2.100 20 0.327 0.063 0.3266 0.0634
% 1776177092.5890396 robobot/cmd/ti rc 0.180 1.830 1776177092.588912
% 1776177092.5989628 robobot/cmd/ti rc 0.180 1.612 1776177092.5988364
% 1776177092.6089253 robobot/cmd/ti rc 0.180 1.436 1776177092.608793
% 1776177092.6189137 robobot/cmd/ti rc 0.180 -4.000 1776177092.6187065
% 1776177092.628971 robobot/cmd/ti rc 0.180 -3.228 1776177092.6287746
1776177092.6290996 0 0.334 0.013 0.114 1 1.00 2.00 0.000 -3.228 20 0.337 0.114 0.3375 0.1141
% 1776177092.6388862 robobot/cmd/ti rc 0.180 -2.606 1776177092.6386976
% 1776177092.6490152 robobot/cmd/ti rc 0.180 -2.103 1776177092.6488683
% 1776177092.6590512 robobot/cmd/ti rc 0.180 -1.697 1776177092.6588702
% 1776177092.6689522 robobot/cmd/ti rc 0.180 -1.370 1776177092.6687806
% 1776177092.6793644 robobot/cmd/ti rc 0.180 -1.106 1776177092.6788175
1776177092.679396 0 0.342 0.014 0.053 1 0.00 2.00 0.000 -1.106 20 0.347 0.053 0.3466 0.0530
1776177092.6794806 0 0.343 0.014 0.052 1 0.00 2.00 0.000 -1.106 20 0.347 0.052 0.3466 0.0518
% 1776177092.6888108 robobot/cmd/ti rc 0.180 4.000 1776177092.6886795
% 1776177092.699027 robobot/cmd/ti rc 0.180 3.363 1776177092.6988914
% 1776177092.7089217 robobot/cmd/ti rc 0.180 2.850 1776177092.7087872
% 1776177092.71875 robobot/cmd/ti rc 0.180 2.435 1776177092.718624
% 1776177092.7288458 robobot/cmd/ti rc 0.180 2.100 1776177092.7286327
1776177092.7297463 0 0.351 0.014 0.095 1 0.00 1.00 0.700 2.100 20 0.355 0.095 0.3550 0.0945
% 1776177092.7386746 robobot/cmd/ti rc 0.180 -4.000 1776177092.7385502
% 1776177092.7486713 robobot/cmd/ti rc 0.180 -3.228 1776177092.7485423
% 1776177092.7586696 robobot/cmd/ti rc 0.180 -2.606 1776177092.7585423
% 1776177092.768443 robobot/cmd/ti rc 0.180 -2.103 1776177092.7683148
% 1776177092.778474 robobot/cmd/ti rc 0.180 -1.697 1776177092.7783525
1776177092.7784932 0 0.359 0.015 0.060 1 1.00 2.00 0.000 -1.697 20 0.364 0.060 0.3635 0.0599
1776177092.7794497 0 0.360 0.015 0.057 1 1.00 2.00 0.000 -1.697 20 0.364 0.057 0.3635 0.0565
% 1776177092.7883582 robobot/cmd/ti rc 0.180 -1.370 1776177092.7882419
% 1776177092.7985408 robobot/cmd/ti rc 0.180 4.000 1776177092.7984138
% 1776177092.8085847 robobot/cmd/ti rc 0.180 3.363 1776177092.8084583
% 1776177092.818586 robobot/cmd/ti rc 0.180 2.850 1776177092.8184528
% 1776177092.8284395 robobot/cmd/ti rc 0.180 2.435 1776177092.8283105
1776177092.8296807 0 0.369 0.015 0.066 1 0.00 1.00 0.700 2.435 20 0.374 0.066 0.3735 0.0657
% 1776177092.8388875 robobot/cmd/ti rc 0.180 2.100 1776177092.8386574
% 1776177092.8493516 robobot/cmd/ti rc 0.180 1.830 1776177092.8491046
% 1776177092.859189 robobot/cmd/ti rc 0.180 1.612 1776177092.8589063
% 1776177092.869309 robobot/cmd/ti rc 0.180 1.436 1776177092.86903
% 1776177092.8787565 robobot/cmd/ti rc 0.180 -4.000 1776177092.8785727
1776177092.8787785 0 0.376 0.016 0.122 1 1.00 2.00 0.000 -4.000 19 0.383 0.122 0.3826 0.1221
1776177092.8798733 0 0.377 0.016 0.129 1 1.00 2.00 0.000 -4.000 19 0.383 0.129 0.3826 0.1290
% 1776177092.8839827 robobot/cmd/ti alive 2026-04-14 16:31:30.374114
% 1776177092.888987 robobot/cmd/ti rc 0.180 -3.228 1776177092.8887916
% 1776177092.899085 robobot/cmd/ti rc 0.180 -2.606 1776177092.8988535
% 1776177092.9092853 robobot/cmd/ti rc 0.180 -2.103 1776177092.9089773
% 1776177092.918881 robobot/cmd/ti rc 0.180 -1.697 1776177092.9186685
% 1776177092.9285948 robobot/cmd/ti rc 0.180 -1.370 1776177092.9284344
1776177092.930639 0 0.386 0.017 0.086 1 1.00 2.00 0.000 -1.370 14 0.391 0.086 0.3910 0.0864
% 1776177092.9386022 robobot/cmd/ti rc 0.180 -1.106 1776177092.93844
% 1776177092.948526 robobot/cmd/ti rc 0.180 4.000 1776177092.948136
% 1776177092.9597769 robobot/cmd/ti rc 0.180 3.363 1776177092.9596195
% 1776177092.9684935 robobot/cmd/ti rc 0.180 2.850 1776177092.9682608
% 1776177092.9785955 robobot/cmd/ti rc 0.180 2.435 1776177092.9783661
1776177092.9786177 0 0.393 0.018 0.107 1 0.00 1.00 0.700 2.435 15 0.399 0.107 0.3992 0.1071
1776177092.9805036 0 0.394 0.018 0.121 1 0.00 1.00 0.700 2.435 15 0.399 0.121 0.3992 0.1210
% 1776177092.9886804 robobot/cmd/ti rc 0.180 2.100 1776177092.988445
% 1776177092.99875 robobot/cmd/ti rc 0.180 1.830 1776177092.998482
% 1776177093.008725 robobot/cmd/ti rc 0.180 -4.000 1776177093.0084543
% 1776177093.0185933 robobot/cmd/ti rc 0.180 -3.228 1776177093.0183697
% 1776177093.0285997 robobot/cmd/ti rc 0.180 -2.606 1776177093.0284753
1776177093.0296829 0 0.404 0.019 0.151 1 1.00 2.00 0.000 -2.606 16 0.410 0.151 0.4099 0.1509
% 1776177093.0387528 robobot/cmd/ti rc 0.180 -2.103 1776177093.0385728
% 1776177093.048591 robobot/cmd/ti rc 0.180 -1.697 1776177093.0484354
% 1776177093.0586498 robobot/cmd/ti rc 0.180 4.000 1776177093.0585039
% 1776177093.0683243 robobot/cmd/ti rc 0.180 3.363 1776177093.068201
% 1776177093.0784469 robobot/cmd/ti rc 0.180 2.850 1776177093.078309
1776177093.078468 0 0.411 0.020 0.122 1 0.00 1.00 0.700 2.850 20 0.419 0.122 0.4186 0.1221
1776177093.080471 0 0.413 0.020 0.135 1 0.00 1.00 0.700 2.850 20 0.419 0.135 0.4186 0.1348
% 1776177093.088359 robobot/cmd/ti rc 0.180 2.435 1776177093.0882225
% 1776177093.0982976 robobot/cmd/ti rc 0.180 2.100 1776177093.0981617
% 1776177093.1082563 robobot/cmd/ti rc 0.180 1.830 1776177093.1081095
% 1776177093.1181903 robobot/cmd/ti rc 0.180 1.612 1776177093.1180494
% 1776177093.129213 robobot/cmd/ti rc 0.180 -4.000 1776177093.1290674
1776177093.1302557 0 0.421 0.022 0.205 1 1.00 2.00 0.000 -4.000 20 0.426 0.205 0.4264 0.2051
% 1776177093.139253 robobot/cmd/ti rc 0.180 -3.228 1776177093.139113
% 1776177093.1482399 robobot/cmd/ti rc 0.180 -2.606 1776177093.1480985
% 1776177093.1582181 robobot/cmd/ti rc 0.180 -2.103 1776177093.1580734
% 1776177093.1691306 robobot/cmd/ti rc 0.180 -1.697 1776177093.1689901
% 1776177093.1791813 robobot/cmd/ti rc 0.180 -1.370 1776177093.1790378
1776177093.1792588 0 0.428 0.023 0.175 1 1.00 2.00 0.000 -1.370 19 0.435 0.175 0.4353 0.1751
1776177093.1801405 0 0.430 0.024 0.173 1 1.00 2.00 0.000 -1.370 19 0.435 0.173 0.4353 0.1728
% 1776177093.188938 robobot/cmd/ti rc 0.180 -1.106 1776177093.1888094
% 1776177093.1989214 robobot/cmd/ti rc 0.180 -0.892 1776177093.19878
% 1776177093.208865 robobot/cmd/ti rc 0.180 4.000 1776177093.208728
% 1776177093.2187607 robobot/cmd/ti rc 0.180 3.363 1776177093.218621
% 1776177093.2286353 robobot/cmd/ti rc 0.180 2.850 1776177093.2285066
1776177093.229781 0 0.439 0.025 0.165 1 0.00 1.00 0.700 2.850 18 0.446 0.165 0.4460 0.1647
% 1776177093.2386672 robobot/cmd/ti rc 0.180 2.435 1776177093.2384863
% 1776177093.2491608 robobot/cmd/ti rc 0.180 2.100 1776177093.2490149
% 1776177093.2589679 robobot/cmd/ti rc 0.180 1.830 1776177093.2588465
% 1776177093.2688518 robobot/cmd/ti rc 0.180 1.612 1776177093.2687285
% 1776177093.2789187 robobot/cmd/ti rc 0.180 1.436 1776177093.2787845
1776177093.2789407 0 0.447 0.027 0.226 1 0.00 1.00 0.700 1.436 13 0.455 0.226 0.4545 0.2258
1776177093.2799377 0 0.448 0.027 0.232 1 0.00 1.00 0.700 1.436 13 0.455 0.232 0.4545 0.2316
% 1776177093.2888901 robobot/cmd/ti rc 0.180 1.294 1776177093.2887516
% 1776177093.2987318 robobot/cmd/ti rc 0.180 1.180 1776177093.298596
% 1776177093.30851 robobot/cmd/ti rc 0.180 1.087 1776177093.3083775
% 1776177093.318536 robobot/cmd/ti rc 0.180 1.012 1776177093.3183823
% 1776177093.3285217 robobot/cmd/ti rc 0.180 0.952 1776177093.328319
1776177093.3305051 0 0.455 0.029 0.277 1 0.00 1.00 0.700 0.952 8 0.463 0.277 0.4629 0.2765
% 1776177093.338322 robobot/cmd/ti rc 0.180 0.903 1776177093.3381824
% 1776177093.3482637 robobot/cmd/ti rc 0.180 0.864 1776177093.3481174
% 1776177093.359112 robobot/cmd/ti rc 0.180 0.833 1776177093.3589797
% 1776177093.3688877 robobot/cmd/ti rc 0.180 0.807 1776177093.3687656
% 1776177093.3787696 robobot/cmd/ti rc 0.180 0.786 1776177093.3786533
1776177093.378788 0 0.464 0.032 0.312 1 0.00 1.00 0.700 0.786 3 0.471 0.312 0.4713 0.3122
1776177093.3808706 0 0.464 0.032 0.317 1 0.00 1.00 0.700 0.786 3 0.471 0.317 0.4713 0.3168
% 1776177093.385128 robobot/cmd/ti alive 2026-04-14 16:31:30.374114
% 1776177093.3886201 robobot/cmd/ti rc 0.180 0.770 1776177093.3885212
% 1776177093.3986788 robobot/cmd/ti rc 0.180 0.756 1776177093.3985229
% 1776177093.4086616 robobot/cmd/ti rc 0.180 0.745 1776177093.4084532
% 1776177093.4186637 robobot/cmd/ti rc 0.180 0.737 1776177093.4184399
% 1776177093.4284034 robobot/cmd/ti rc 0.180 0.730 1776177093.4282222
1776177093.4306378 0 0.473 0.035 0.362 1 0.00 1.00 0.700 0.730 0 0.482 0.362 0.4816 0.3618
% 1776177093.4387374 robobot/cmd/ti rc 0.180 -4.000 1776177093.438421
% 1776177093.4490674 robobot/cmd/ti rc 0.180 -3.228 1776177093.4488997
% 1776177093.4589217 robobot/cmd/ti rc 0.180 -2.606 1776177093.4587893
% 1776177093.4688182 robobot/cmd/ti rc 0.180 -2.103 1776177093.4686313
% 1776177093.478996 robobot/cmd/ti rc 0.180 -1.697 1776177093.478775
1776177093.4790154 0 0.481 0.038 0.399 1 1.00 2.00 0.000 -1.697 2 0.491 0.399 0.4905 0.3986
1776177093.4811034 0 0.481 0.038 0.403 1 1.00 2.00 0.000 -1.697 2 0.491 0.403 0.4905 0.4032
% 1776177093.4888983 robobot/cmd/ti rc 0.180 -1.370 1776177093.488765
% 1776177093.4989388 robobot/cmd/ti rc 0.180 -1.106 1776177093.4987476
% 1776177093.5087693 robobot/cmd/ti rc 0.180 -0.892 1776177093.5086362
% 1776177093.518914 robobot/cmd/ti rc 0.180 -0.720 1776177093.5186923
% 1776177093.5289667 robobot/cmd/ti rc 0.180 -0.581 1776177093.528731
1776177093.5307515 0 0.490 0.042 0.395 1 1.00 2.00 0.000 -0.581 3 0.499 0.395 0.4991 0.3952
% 1776177093.5387459 robobot/cmd/ti rc 0.180 -0.469 1776177093.5385582
% 1776177093.5485718 robobot/cmd/ti rc 0.180 -0.379 1776177093.5484529
% 1776177093.5585918 robobot/cmd/ti rc 0.180 -0.306 1776177093.5583858
% 1776177093.5684948 robobot/cmd/ti rc 0.180 -0.247 1776177093.5683045
% 1776177093.5784922 robobot/cmd/ti rc 0.180 -0.199 1776177093.578336
1776177093.5785108 0 0.498 0.045 0.394 1 1.00 2.00 0.000 -0.199 0 0.509 0.394 0.5086 0.3940
1776177093.5805085 0 0.499 0.046 0.394 1 1.00 2.00 0.000 -0.199 0 0.509 0.394 0.5086 0.3940
% 1776177093.5884254 robobot/cmd/ti rc 0.180 -0.161 1776177093.58829
% 1776177093.598377 robobot/cmd/ti rc 0.180 -0.130 1776177093.5982306
% 1776177093.609201 robobot/cmd/ti rc 0.180 -0.105 1776177093.6090796
% 1776177093.6190639 robobot/cmd/ti rc 0.180 -0.084 1776177093.618941
% 1776177093.628464 robobot/cmd/ti rc 0.180 -0.068 1776177093.6283295
1776177093.6316185 0 0.507 0.049 0.387 1 1.00 2.00 0.000 -0.068 0 0.519 0.387 0.5189 0.3871
% 1776177093.6399224 robobot/cmd/ti rc 0.180 -0.055 1776177093.639771
% 1776177093.6488156 robobot/cmd/ti rc 0.180 -0.044 1776177093.6485984
% 1776177093.658671 robobot/cmd/ti rc 0.180 -0.036 1776177093.6584024
% 1776177093.6693745 robobot/cmd/ti rc 0.180 -0.029 1776177093.669192
% 1776177093.679371 robobot/cmd/ti rc 0.180 -0.023 1776177093.6791945
1776177093.6794026 0 0.514 0.052 0.385 1 1.00 2.00 0.000 -0.023 0 0.527 0.385 0.5271 0.3848
1776177093.6813676 0 0.515 0.052 0.385 1 1.00 2.00 0.000 -0.023 0 0.527 0.385 0.5271 0.3848
% 1776177093.6892295 robobot/cmd/ti rc 0.180 -0.019 1776177093.6890295
% 1776177093.6990666 robobot/cmd/ti rc 0.180 -0.015 1776177093.698897
% 1776177093.7089581 robobot/cmd/ti rc 0.180 -0.012 1776177093.7087634
% 1776177093.7188315 robobot/cmd/ti rc 0.180 -0.010 1776177093.7186363
% 1776177093.7286003 robobot/cmd/ti rc 0.180 -0.008 1776177093.7284145
1776177093.7307415 0 0.523 0.056 0.383 1 1.00 2.00 0.000 -0.008 0 0.536 0.383 0.5357 0.3825
% 1776177093.738515 robobot/cmd/ti rc 0.180 -0.006 1776177093.7383184
% 1776177093.7484634 robobot/cmd/ti rc 0.180 -0.005 1776177093.7482626
% 1776177093.7593305 robobot/cmd/ti rc 0.180 -0.004 1776177093.7591593
% 1776177093.7692833 robobot/cmd/ti rc 0.180 -0.003 1776177093.7690878
% 1776177093.7791417 robobot/cmd/ti rc 0.180 -0.003 1776177093.77896
1776177093.7791615 0 0.531 0.059 0.380 1 1.00 2.00 0.000 -0.003 0 0.544 0.380 0.5444 0.3802
1776177093.7811174 0 0.532 0.059 0.379 1 1.00 2.00 0.000 -0.003 0 0.544 0.379 0.5444 0.3790
% 1776177093.7888467 robobot/cmd/ti rc 0.180 -0.002 1776177093.7886603
% 1776177093.7988017 robobot/cmd/ti rc 0.180 -0.002 1776177093.7986186
% 1776177093.80867 robobot/cmd/ti rc 0.180 -0.001 1776177093.8084798
% 1776177093.8193681 robobot/cmd/ti rc 0.180 -0.001 1776177093.8191082
% 1776177093.8295105 robobot/cmd/ti rc 0.180 -0.001 1776177093.8291793
1776177093.8314164 0 0.541 0.063 0.373 1 1.00 2.00 0.000 -0.001 0 0.555 0.373 0.5553 0.3733
% 1776177093.838618 robobot/cmd/ti rc 0.180 -0.001 1776177093.8383002
% 1776177093.8494966 robobot/cmd/ti rc 0.180 -0.001 1776177093.8492846
% 1776177093.8592124 robobot/cmd/ti rc 0.180 -0.000 1776177093.8590887
% 1776177093.8690143 robobot/cmd/ti rc 0.180 -0.000 1776177093.8689098
% 1776177093.8789551 robobot/cmd/ti rc 0.180 -0.000 1776177093.878835
1776177093.8789735 0 0.550 0.066 0.366 1 1.00 2.00 0.000 -0.000 0 0.565 0.366 0.5647 0.3664
1776177093.8809843 0 0.550 0.066 0.366 1 1.00 2.00 0.000 -0.000 0 0.565 0.366 0.5647 0.3664
% 1776177093.886331 robobot/cmd/ti alive 2026-04-14 16:31:30.374114
% 1776177093.8888967 robobot/cmd/ti rc 0.180 -0.000 1776177093.8887992
% 1776177093.8990724 robobot/cmd/ti rc 0.180 -0.000 1776177093.8988168
% 1776177093.9090707 robobot/cmd/ti rc 0.180 -0.000 1776177093.908773
% 1776177093.9185743 robobot/cmd/ti rc 0.180 -4.000 1776177093.918426
% 1776177093.9294243 robobot/cmd/ti rc 0.180 -3.363 1776177093.929276
1776177093.931431 0 0.559 0.069 0.365 1 2.00 3.00 -0.700 -3.363 2 0.574 0.365 0.5736 0.3652
% 1776177093.9392803 robobot/cmd/ti rc 0.180 -2.850 1776177093.9390872
% 1776177093.9490476 robobot/cmd/ti rc 0.180 -2.435 1776177093.9489412
% 1776177093.9590538 robobot/cmd/ti rc 0.180 -2.100 1776177093.958925
% 1776177093.9687274 robobot/cmd/ti rc 0.180 -1.830 1776177093.9686012
% 1776177093.9785972 robobot/cmd/ti rc 0.180 -1.612 1776177093.9784887
1776177093.9786155 0 0.566 0.072 0.297 1 2.00 3.00 -0.700 -1.612 5 0.582 0.297 0.5823 0.2972
1776177093.9817452 0 0.567 0.072 0.291 1 2.00 3.00 -0.700 -1.612 5 0.582 0.291 0.5823 0.2915
% 1776177093.988526 robobot/cmd/ti rc 0.180 -1.436 1776177093.9883986
% 1776177093.999058 robobot/cmd/ti rc 0.180 -1.294 1776177093.9988291
% 1776177094.0093973 robobot/cmd/ti rc 0.180 -1.180 1776177094.0092828
% 1776177094.01923 robobot/cmd/ti rc 0.180 -1.087 1776177094.0191085
% 1776177094.029049 robobot/cmd/ti rc 0.180 -1.012 1776177094.0289297
1776177094.0312278 0 0.575 0.074 0.222 1 2.00 3.00 -0.700 -1.012 0 0.592 0.222 0.5919 0.2224
% 1776177094.0393295 robobot/cmd/ti rc 0.180 -0.952 1776177094.0391567
% 1776177094.0493116 robobot/cmd/ti rc 0.180 -0.903 1776177094.0490732
% 1776177094.059168 robobot/cmd/ti rc 0.180 -0.864 1776177094.0589826
% 1776177094.0688968 robobot/cmd/ti rc 0.180 -0.833 1776177094.0687733
% 1776177094.079495 robobot/cmd/ti rc 0.180 -0.807 1776177094.0792928
1776177094.07952 0 0.582 0.076 0.159 1 2.00 3.00 -0.700 -0.807 0 0.600 0.159 0.6000 0.1590
1776177094.0836737 0 0.583 0.076 0.155 1 2.00 3.00 -0.700 -0.807 0 0.600 0.155 0.6000 0.1555
% 1776177094.089205 robobot/cmd/ti rc 0.180 -0.786 1776177094.0890617
% 1776177094.1014338 robobot/cmd/ti rc 0.180 -0.770 1776177094.101087
% 1776177094.1091163 robobot/cmd/ti rc 0.180 -0.756 1776177094.1089873
% 1776177094.1192853 robobot/cmd/ti rc 0.180 4.000 1776177094.1189885
% 1776177094.1291041 robobot/cmd/ti rc 0.180 3.228 1776177094.1289723
1776177094.131147 0 0.593 0.077 0.104 1 1.00 2.00 0.000 3.228 2 0.609 0.104 0.6091 0.1037
% 1776177094.1390011 robobot/cmd/ti rc 0.180 2.606 1776177094.1388898
% 1776177094.1488008 robobot/cmd/ti rc 0.180 2.103 1776177094.148667
% 1776177094.1587415 robobot/cmd/ti rc 0.180 1.697 1776177094.1586137
% 1776177094.168647 robobot/cmd/ti rc 0.180 1.370 1776177094.168517
% 1776177094.1786644 robobot/cmd/ti rc 0.180 1.106 1776177094.1785445
1776177094.1786833 0 0.601 0.078 0.151 1 1.00 2.00 0.000 1.106 7 0.618 0.151 0.6180 0.1509
1776177094.1817927 0 0.602 0.078 0.153 1 1.00 2.00 0.000 1.106 7 0.618 0.153 0.6180 0.1532
% 1776177094.1885452 robobot/cmd/ti rc 0.180 0.892 1776177094.1884181
% 1776177094.1985013 robobot/cmd/ti rc 0.180 0.720 1776177094.198379
% 1776177094.209452 robobot/cmd/ti rc 0.180 0.581 1776177094.2093084
% 1776177094.219293 robobot/cmd/ti rc 0.180 0.469 1776177094.2191617
% 1776177094.229272 robobot/cmd/ti rc 0.180 0.379 1776177094.2291493
1776177094.2324812 0 0.611 0.080 0.183 1 1.00 2.00 0.000 0.379 12 0.628 0.183 0.6285 0.1832
% 1776177094.2395372 robobot/cmd/ti rc 0.180 0.306 1776177094.2392201
% 1776177094.2494767 robobot/cmd/ti rc 0.180 0.247 1776177094.249331
% 1776177094.259444 robobot/cmd/ti rc 0.180 0.199 1776177094.2592347
% 1776177094.269061 robobot/cmd/ti rc 0.180 0.161 1776177094.268928
% 1776177094.2791147 robobot/cmd/ti rc 0.180 0.130 1776177094.2789552
1776177094.2791357 0 0.618 0.081 0.210 1 1.00 2.00 0.000 0.130 17 0.637 0.210 0.6369 0.2097
1776177094.2822053 0 0.619 0.082 0.212 1 1.00 2.00 0.000 0.130 17 0.637 0.212 0.6369 0.2120
% 1776177094.2889767 robobot/cmd/ti rc 0.180 0.105 1776177094.288839
% 1776177094.298946 robobot/cmd/ti rc 0.180 0.084 1776177094.29881
% 1776177094.308893 robobot/cmd/ti rc 0.180 0.068 1776177094.3087525
% 1776177094.3193083 robobot/cmd/ti rc 0.180 0.055 1776177094.318743
% 1776177094.328716 robobot/cmd/ti rc 0.180 0.044 1776177094.3285754
1776177094.3318975 0 0.627 0.083 0.226 1 1.00 2.00 0.000 0.044 18 0.645 0.226 0.6446 0.2258
% 1776177094.3385756 robobot/cmd/ti rc 0.180 0.036 1776177094.3384504
% 1776177094.348863 robobot/cmd/ti rc 0.180 0.029 1776177094.3486652
% 1776177094.3587189 robobot/cmd/ti rc 0.180 0.023 1776177094.3585374
% 1776177094.3685446 robobot/cmd/ti rc 0.180 -4.000 1776177094.3684125
% 1776177094.3785226 robobot/cmd/ti rc 0.180 -3.363 1776177094.3783655
1776177094.3785431 0 0.635 0.085 0.232 1 1.00 3.00 -0.700 -3.363 20 0.653 0.232 0.6530 0.2316
1776177094.382697 0 0.636 0.085 0.227 1 1.00 3.00 -0.700 -3.363 20 0.653 0.227 0.6530 0.2270
% 1776177094.3873656 robobot/cmd/ti alive 2026-04-14 16:31:30.374114
% 1776177094.3893056 robobot/cmd/ti rc 0.180 4.000 1776177094.3891988
% 1776177094.3993728 robobot/cmd/ti rc 0.180 3.228 1776177094.3992312
% 1776177094.409291 robobot/cmd/ti rc 0.180 -4.000 1776177094.4091341
% 1776177094.4191751 robobot/cmd/ti rc 0.180 4.000 1776177094.4190245
% 1776177094.4291542 robobot/cmd/ti rc 0.180 3.228 1776177094.429009
1776177094.432304 0 0.646 0.088 0.246 1 1.00 2.00 0.000 3.228 20 0.663 0.246 0.6634 0.2465
% 1776177094.440023 robobot/cmd/ti rc 0.180 -4.000 1776177094.4398887
% 1776177094.4494016 robobot/cmd/ti rc 0.180 -3.363 1776177094.449244
% 1776177094.4593823 robobot/cmd/ti rc 0.180 -2.850 1776177094.4591956
% 1776177094.4692235 robobot/cmd/ti rc 0.180 -2.435 1776177094.4690866
% 1776177094.4791617 robobot/cmd/ti rc 0.180 -2.100 1776177094.4790375
1776177094.4791813 0 0.654 0.090 0.237 1 1.00 3.00 -0.700 -2.100 20 0.673 0.237 0.6726 0.2373
1776177094.4822803 0 0.655 0.090 0.227 1 1.00 3.00 -0.700 -2.100 20 0.673 0.227 0.6726 0.2270
% 1776177094.4891229 robobot/cmd/ti rc 0.180 -1.830 1776177094.4889815
% 1776177094.4990723 robobot/cmd/ti rc 0.180 -1.612 1776177094.4989405
% 1776177094.508958 robobot/cmd/ti rc 0.180 -1.436 1776177094.5088081
% 1776177094.5188777 robobot/cmd/ti rc 0.180 -1.294 1776177094.5187373
% 1776177094.5288656 robobot/cmd/ti rc 0.180 -1.180 1776177094.5287008
1776177094.5319633 0 0.664 0.092 0.192 1 1.00 3.00 -0.700 -1.180 20 0.682 0.192 0.6819 0.1924
% 1776177094.5387714 robobot/cmd/ti rc 0.180 -1.087 1776177094.5386362
% 1776177094.5487316 robobot/cmd/ti rc 0.180 -1.012 1776177094.5485716
% 1776177094.5588524 robobot/cmd/ti rc 0.180 -0.952 1776177094.5586624
% 1776177094.5688136 robobot/cmd/ti rc 0.180 -0.903 1776177094.5686352
% 1776177094.5789735 robobot/cmd/ti rc 0.180 -0.864 1776177094.5788007
1776177094.5789979 0 0.672 0.093 0.162 1 1.00 3.00 -0.700 -0.864 20 0.690 0.162 0.6902 0.1624
1776177094.5821157 0 0.673 0.094 0.158 1 1.00 3.00 -0.700 -0.864 20 0.690 0.158 0.6902 0.1578
% 1776177094.589091 robobot/cmd/ti rc 0.180 -0.833 1776177094.5888937
% 1776177094.599297 robobot/cmd/ti rc 0.180 -0.807 1776177094.5991135
% 1776177094.6094096 robobot/cmd/ti rc 0.180 -0.786 1776177094.6092317
% 1776177094.6195538 robobot/cmd/ti rc 0.180 4.000 1776177094.6193612
% 1776177094.629726 robobot/cmd/ti rc 0.180 -4.000 1776177094.629529
1776177094.6318817 0 0.682 0.095 0.121 1 1.00 3.00 -0.700 -4.000 20 0.700 0.121 0.7002 0.1210
% 1776177094.6389802 robobot/cmd/ti rc 0.180 -3.363 1776177094.638753
% 1776177094.6495402 robobot/cmd/ti rc 0.180 4.000 1776177094.6492631
% 1776177094.6592915 robobot/cmd/ti rc 0.180 3.228 1776177094.6591218
% 1776177094.6693468 robobot/cmd/ti rc 0.180 2.606 1776177094.669191
% 1776177094.6796637 robobot/cmd/ti rc 0.180 2.103 1776177094.6794276
1776177094.6797478 0 0.690 0.096 0.096 1 1.00 2.00 0.000 2.103 20 0.709 0.096 0.7094 0.0956
1776177094.682656 0 0.691 0.096 0.109 1 1.00 2.00 0.000 2.103 20 0.709 0.109 0.7094 0.1094
% 1776177094.68944 robobot/cmd/ti rc 0.180 1.697 1776177094.6892931
% 1776177094.6996474 robobot/cmd/ti rc 0.180 1.370 1776177094.699378
% 1776177094.7096467 robobot/cmd/ti rc 0.180 1.106 1776177094.7094107
% 1776177094.7197242 robobot/cmd/ti rc 0.180 0.892 1776177094.7194924
% 1776177094.7288246 robobot/cmd/ti rc 0.180 0.720 1776177094.7286084
1776177094.731922 0 0.700 0.097 0.130 1 1.00 2.00 0.000 0.720 20 0.718 0.130 0.7179 0.1302
% 1776177094.7388709 robobot/cmd/ti rc 0.180 -4.000 1776177094.7387385
% 1776177094.748872 robobot/cmd/ti rc 0.180 4.000 1776177094.748703
% 1776177094.7588828 robobot/cmd/ti rc 0.180 3.228 1776177094.7587223
% 1776177094.768873 robobot/cmd/ti rc 0.180 -4.000 1776177094.768731
% 1776177094.7791555 robobot/cmd/ti rc 0.180 4.000 1776177094.77899
1776177094.779181 0 0.708 0.098 0.161 1 1.00 2.00 0.000 4.000 20 0.727 0.161 0.7267 0.1613
1776177094.782284 0 0.709 0.098 0.168 1 1.00 2.00 0.000 4.000 20 0.727 0.168 0.7267 0.1682
% 1776177094.7892263 robobot/cmd/ti rc 0.180 3.228 1776177094.7890646
% 1776177094.799413 robobot/cmd/ti rc 0.180 2.606 1776177094.799239
% 1776177094.8092403 robobot/cmd/ti rc 0.180 -4.000 1776177094.809078
% 1776177094.8192625 robobot/cmd/ti rc 0.180 4.000 1776177094.8190973
% 1776177094.8294075 robobot/cmd/ti rc 0.180 -4.000 1776177094.8292582
1776177094.832714 0 0.717 0.100 0.205 1 1.00 3.00 -0.700 -4.000 20 0.737 0.205 0.7371 0.2051
% 1776177094.8388672 robobot/cmd/ti rc 0.180 -3.363 1776177094.8386295
% 1776177094.848952 robobot/cmd/ti rc 0.180 -2.850 1776177094.8487322
% 1776177094.8589246 robobot/cmd/ti rc 0.180 -2.435 1776177094.8587618
% 1776177094.8688726 robobot/cmd/ti rc 0.180 -2.100 1776177094.8687046
% 1776177094.878961 robobot/cmd/ti rc 0.180 -1.830 1776177094.878818
1776177094.8789978 0 0.724 0.101 0.165 1 0.00 3.00 -0.700 -1.830 20 0.745 0.165 0.7452 0.1647
1776177094.8821645 0 0.725 0.101 0.162 1 0.00 3.00 -0.700 -1.830 20 0.745 0.162 0.7452 0.1624
% 1776177094.8886175 robobot/cmd/ti alive 2026-04-14 16:31:30.374114
% 1776177094.8890429 robobot/cmd/ti rc 0.180 4.000 1776177094.8889208
% 1776177094.8992178 robobot/cmd/ti rc 0.180 3.228 1776177094.899066
% 1776177094.9091458 robobot/cmd/ti rc 0.180 2.606 1776177094.9089985
% 1776177094.9198976 robobot/cmd/ti rc 0.180 2.103 1776177094.9196775
% 1776177094.9289727 robobot/cmd/ti rc 0.180 1.697 1776177094.9287996
1776177094.9333398 0 0.734 0.103 0.201 1 0.00 2.00 0.000 1.697 20 0.755 0.201 0.7545 0.2005
% 1776177094.939199 robobot/cmd/ti rc 0.180 1.370 1776177094.93901
% 1776177094.9493008 robobot/cmd/ti rc 0.180 1.106 1776177094.9491372
% 1776177094.9596512 robobot/cmd/ti rc 0.180 -4.000 1776177094.9594882
% 1776177094.9695542 robobot/cmd/ti rc 0.180 -3.363 1776177094.9693885
% 1776177094.9797554 robobot/cmd/ti rc 0.180 -2.850 1776177094.9795842
1776177094.9797816 0 0.742 0.104 0.218 1 0.00 3.00 -0.700 -2.850 20 0.762 0.218 0.7625 0.2177
1776177094.9828892 0 0.743 0.105 0.211 1 0.00 3.00 -0.700 -2.850 20 0.764 0.211 0.7643 0.2108
% 1776177094.98979 robobot/cmd/ti rc 0.180 -2.435 1776177094.989627
% 1776177094.9988322 robobot/cmd/ti rc 0.180 -2.100 1776177094.9986851
% 1776177095.008908 robobot/cmd/ti rc 0.180 4.000 1776177095.0087492
% 1776177095.0190203 robobot/cmd/ti rc 0.180 3.228 1776177095.0188704
% 1776177095.0291867 robobot/cmd/ti rc 0.180 2.606 1776177095.029035
1776177095.0335827 0 0.752 0.106 0.185 1 0.00 2.00 0.000 2.606 20 0.773 0.185 0.7733 0.1855
% 1776177095.0396008 robobot/cmd/ti rc 0.180 2.103 1776177095.0389142
% 1776177095.0492392 robobot/cmd/ti rc 0.180 1.697 1776177095.0490143
% 1776177095.0592382 robobot/cmd/ti rc 0.180 1.370 1776177095.0590796
% 1776177095.0692983 robobot/cmd/ti rc 0.180 1.106 1776177095.069143
% 1776177095.079491 robobot/cmd/ti rc 0.180 -4.000 1776177095.0793347
1776177095.0795138 0 0.759 0.108 0.234 1 -1.00 3.00 -0.700 -4.000 20 0.781 0.234 0.7809 0.2339
1776177095.0837183 0 0.760 0.108 0.237 1 -1.00 3.00 -0.700 -4.000 20 0.781 0.237 0.7809 0.2373
% 1776177095.0896478 robobot/cmd/ti rc 0.180 -3.363 1776177095.0894947
% 1776177095.0996974 robobot/cmd/ti rc 0.180 -2.850 1776177095.0995443
% 1776177095.10961 robobot/cmd/ti rc 0.180 -2.435 1776177095.1094375
% 1776177095.119767 robobot/cmd/ti rc 0.180 -2.100 1776177095.119614
% 1776177095.1288393 robobot/cmd/ti rc 0.180 -1.830 1776177095.128689
1776177095.1330297 0 0.769 0.110 0.188 1 -1.00 3.00 -0.700 -1.830 20 0.791 0.188 0.7913 0.1878
% 1776177095.138922 robobot/cmd/ti rc 0.180 4.000 1776177095.1387734
% 1776177095.149783 robobot/cmd/ti rc 0.180 3.228 1776177095.1493325
% 1776177095.1596577 robobot/cmd/ti rc 0.180 2.606 1776177095.1594417
% 1776177095.169465 robobot/cmd/ti rc 0.180 2.103 1776177095.1693015
% 1776177095.1797671 robobot/cmd/ti rc 0.180 1.697 1776177095.1795528
1776177095.1797917 0 0.777 0.111 0.219 1 -1.00 2.00 0.000 1.697 20 0.800 0.219 0.8001 0.2189
1776177095.1832185 0 0.777 0.112 0.220 1 -1.00 2.00 0.000 1.697 20 0.801 0.220 0.8012 0.2200
% 1776177095.1898835 robobot/cmd/ti rc 0.180 1.370 1776177095.189665
% 1776177095.199219 robobot/cmd/ti rc 0.180 1.106 1776177095.1990123
% 1776177095.2091181 robobot/cmd/ti rc 0.180 -4.000 1776177095.2088974
% 1776177095.219416 robobot/cmd/ti rc 0.180 -3.363 1776177095.2191248
% 1776177095.2292411 robobot/cmd/ti rc 0.180 -2.850 1776177095.229098
1776177095.2336273 0 0.786 0.114 0.227 1 -1.00 3.00 -0.700 -2.850 20 0.809 0.227 0.8091 0.2270
% 1776177095.239818 robobot/cmd/ti rc 0.180 -2.435 1776177095.2394774
% 1776177095.2493322 robobot/cmd/ti rc 0.180 -2.100 1776177095.2489989
% 1776177095.2592494 robobot/cmd/ti rc 0.180 4.000 1776177095.259089
% 1776177095.2693849 robobot/cmd/ti rc 0.180 3.228 1776177095.269182
% 1776177095.279783 robobot/cmd/ti rc 0.180 2.606 1776177095.2795634
1776177095.2798083 0 0.794 0.115 0.197 1 -2.00 2.00 0.000 2.606 20 0.818 0.197 0.8184 0.1970
1776177095.282776 0 0.795 0.115 0.207 1 -2.00 2.00 0.000 2.606 20 0.818 0.207 0.8184 0.2074
% 1776177095.289559 robobot/cmd/ti rc 0.180 2.103 1776177095.2893982
% 1776177095.2997644 robobot/cmd/ti rc 0.180 1.697 1776177095.299563
% 1776177095.309726 robobot/cmd/ti rc 0.180 1.370 1776177095.3095691
% 1776177095.3198683 robobot/cmd/ti rc 0.180 -4.000 1776177095.319715
% 1776177095.3291779 robobot/cmd/ti rc 0.180 -3.363 1776177095.3289006
1776177095.3332279 0 0.804 0.117 0.260 1 -2.00 3.00 -0.700 -3.363 20 0.827 0.260 0.8265 0.2604
% 1776177095.3391926 robobot/cmd/ti rc 0.180 -2.850 1776177095.3389935
% 1776177095.3468194 robobot/cmd/ti rc 0.0 0.0
1776177095.3791766 0 0.810 0.119 0.230 1 -2.00 3.00 -0.700 -2.850 20 0.835 0.230 0.8348 0.2304
1776177095.3835459 0 0.810 0.119 0.233 1 -2.00 3.00 -0.700 -2.850 20 0.835 0.233 0.8355 0.2327
% 1776177095.3902118 robobot/cmd/ti alive 2026-04-14 16:31:30.374114
1776177095.4337704 0 0.812 0.120 0.227 1 -2.00 3.00 -0.700 -2.850 20 0.839 0.227 0.8388 0.2270
1776177095.4787757 0 0.812 0.120 0.233 1 -2.00 3.00 -0.700 -2.850 20 0.840 0.233 0.8402 0.2327
1776177095.483195 0 0.812 0.120 0.233 1 -2.00 3.00 -0.700 -2.850 20 0.840 0.233 0.8402 0.2327
1776177095.5335932 0 0.812 0.120 0.233 1 -2.00 3.00 -0.700 -2.850 20 0.840 0.233 0.8403 0.2327
1776177095.57934 0 0.811 0.119 0.228 1 -2.00 3.00 -0.700 -2.850 20 0.840 0.228 0.8400 0.2281
1776177095.583704 0 0.811 0.119 0.227 1 -2.00 3.00 -0.700 -2.850 20 0.840 0.227 0.8399 0.2270
1776177095.6346297 0 0.811 0.119 0.227 1 -2.00 3.00 -0.700 -2.850 20 0.839 0.227 0.8390 0.2270
% 1776177095.677127 robobot/cmd/ti rc 0.00 0.3
1776177095.679731 0 0.811 0.119 0.226 2 -2.00 2.00 -0.700 -2.850 20 0.839 0.226 0.8388 0.2258
1776177095.684072 0 0.811 0.119 0.226 2 -2.00 2.00 -0.700 -2.850 20 0.839 0.226 0.8388 0.2258
1776177095.734225 0 0.811 0.119 0.226 2 -2.00 3.00 -0.700 -2.850 20 0.839 0.226 0.8386 0.2258
1776177095.7789059 0 0.811 0.119 0.228 2 -2.00 3.00 -0.700 -2.850 20 0.838 0.228 0.8384 0.2281
1776177095.7844393 0 0.812 0.119 0.229 2 -2.00 3.00 -0.700 -2.850 20 0.838 0.229 0.8384 0.2293
1776177095.8344107 0 0.812 0.119 0.237 2 -2.00 3.00 -0.700 -2.850 20 0.839 0.237 0.8388 0.2373
1776177095.8798354 0 0.811 0.119 0.248 2 -2.00 3.00 -0.700 -2.850 20 0.838 0.248 0.8382 0.2477
1776177095.8839064 0 0.811 0.119 0.248 2 -2.00 3.00 -0.700 -2.850 20 0.838 0.248 0.8382 0.2477
% 1776177095.8915787 robobot/cmd/ti alive 2026-04-14 16:31:30.374114
1776177095.9340677 0 0.811 0.119 0.249 2 -2.00 3.00 -0.700 -2.850 20 0.838 0.249 0.8379 0.2489
1776177095.9792006 0 0.811 0.119 0.252 2 -2.00 3.00 -0.700 -2.850 20 0.838 0.252 0.8378 0.2523
1776177095.98455 0 0.811 0.119 0.254 2 -2.00 3.00 -0.700 -2.850 20 0.838 0.254 0.8378 0.2535
1776177096.0337753 0 0.812 0.119 0.259 2 -2.00 3.00 -0.700 -2.850 20 0.838 0.259 0.8378 0.2592
% 1776177096.0728638 robobot/cmd/ti rc 0.00 0.3
1776177096.0796926 0 0.812 0.120 0.266 3 -2.00 3.00 -0.700 -2.850 20 0.838 0.266 0.8384 0.2661
1776177096.083909 0 0.812 0.120 0.267 3 -2.00 3.00 -0.700 -2.850 20 0.838 0.267 0.8384 0.2673
1776177096.134898 0 0.814 0.120 0.272 3 -2.00 3.00 -0.700 -2.850 20 0.837 0.272 0.8369 0.2719
1776177096.179396 0 0.814 0.120 0.287 3 -2.00 3.00 -0.700 -2.850 20 0.837 0.287 0.8373 0.2869
1776177096.1838746 0 0.814 0.120 0.287 3 -2.00 3.00 -0.700 -2.850 20 0.837 0.287 0.8373 0.2869
1776177096.2348452 0 0.814 0.120 0.299 3 -2.00 3.00 -0.700 -2.850 20 0.838 0.299 0.8376 0.2995
1776177096.2808301 0 0.815 0.120 0.305 3 -2.00 3.00 -0.700 -2.850 20 0.837 0.305 0.8375 0.3053
1776177096.2851593 0 0.815 0.120 0.305 3 -2.00 3.00 -0.700 -2.850 20 0.837 0.305 0.8375 0.3053
1776177096.3354535 0 0.816 0.121 0.311 3 -2.00 3.00 -0.700 -2.850 20 0.838 0.311 0.8380 0.3111
1776177096.3799684 0 0.817 0.121 0.318 3 -2.00 3.00 -0.700 -2.850 20 0.837 0.318 0.8372 0.3180
1776177096.3855462 0 0.817 0.121 0.319 3 -2.00 3.00 -0.700 -2.850 20 0.837 0.319 0.8375 0.3191
% 1776177096.3938732 robobot/cmd/ti alive 2026-04-14 16:31:30.374114
1776177096.4346466 0 0.817 0.121 0.330 3 -2.00 3.00 -0.700 -2.850 20 0.838 0.330 0.8379 0.3295
% 1776177096.477148 robobot/cmd/ti rc 0.00 0.3
1776177096.4802656 0 0.819 0.122 0.333 4 -2.00 3.00 -0.700 -2.850 20 0.837 0.333 0.8373 0.3330
1776177096.4856975 0 0.819 0.122 0.333 4 -2.00 3.00 -0.700 -2.850 20 0.837 0.333 0.8373 0.3330
1776177096.535667 0 0.819 0.122 0.348 4 -2.00 3.00 -0.700 -2.850 20 0.837 0.348 0.8371 0.3479
1776177096.5803108 0 0.819 0.122 0.355 4 -2.00 3.00 -0.700 -2.850 20 0.837 0.355 0.8374 0.3548
1776177096.5847025 0 0.819 0.122 0.355 4 -2.00 3.00 -0.700 -2.850 20 0.838 0.355 0.8375 0.3548
1776177096.6350207 0 0.820 0.122 0.355 4 -2.00 3.00 -0.700 -2.850 20 0.837 0.355 0.8369 0.3548
1776177096.679911 0 0.821 0.123 0.365 4 -2.00 3.00 -0.700 -2.850 20 0.836 0.365 0.8364 0.3652
1776177096.6854644 0 0.821 0.123 0.366 4 -2.00 3.00 -0.700 -2.850 20 0.836 0.366 0.8364 0.3664
1776177096.735851 0 0.822 0.123 0.374 4 -2.00 3.00 -0.700 -2.850 20 0.838 0.374 0.8383 0.3744
1776177096.7805326 0 0.822 0.123 0.388 4 -2.00 3.00 -0.700 -2.850 20 0.839 0.388 0.8388 0.3883
1776177096.7859526 0 0.822 0.123 0.388 4 -2.00 3.00 -0.700 -2.850 20 0.839 0.388 0.8390 0.3883
1776177096.8354907 0 0.822 0.123 0.400 4 -2.00 3.00 -0.700 -2.850 20 0.839 0.400 0.8393 0.3998
% 1776177096.873904 robobot/cmd/ti rc 0.00 0.3
% 1776177096.874186 robobot/cmd/T0 leds 16 0 30 30
1776177096.8801136 0 0.822 0.123 0.404 5 -2.00 3.00 -0.700 -2.850 20 0.839 0.404 0.8389 0.4044
1776177096.885525 0 0.821 0.123 0.408 5 -2.00 3.00 -0.700 -2.850 20 0.839 0.408 0.8389 0.4078
% 1776177096.8981628 robobot/cmd/ti alive 2026-04-14 16:31:30.374114
1776177096.9357452 0 0.821 0.123 0.416 5 -2.00 3.00 -0.700 -2.850 20 0.838 0.416 0.8384 0.4159
1776177096.97998 0 0.821 0.123 0.426 5 -2.00 3.00 -0.700 -2.850 20 0.838 0.426 0.8383 0.4263
1776177096.9855742 0 0.822 0.123 0.430 5 -2.00 3.00 -0.700 -2.850 20 0.838 0.430 0.8383 0.4297
1776177097.0357478 0 0.822 0.123 0.446 5 -2.00 3.00 -0.700 -2.850 20 0.839 0.446 0.8387 0.4459
1776177097.0806198 0 0.822 0.123 0.462 5 -2.00 3.00 -0.700 -2.850 20 0.839 0.462 0.8392 0.4620
1776177097.0860353 0 0.822 0.123 0.465 5 -2.00 3.00 -0.700 -2.850 20 0.839 0.465 0.8392 0.4654
1776177097.1362462 0 0.822 0.123 0.480 5 -2.00 3.00 -0.700 -2.850 20 0.839 0.480 0.8391 0.4804
1776177097.180896 0 0.822 0.123 0.493 5 -2.00 3.50 -0.700 -2.850 20 0.839 0.493 0.8392 0.4931
1776177097.1863902 0 0.822 0.123 0.495 5 -2.00 3.50 -0.700 -2.850 20 0.839 0.495 0.8391 0.4954
1776177097.2366261 0 0.822 0.123 0.500 5 -2.00 3.50 -0.700 -2.850 20 0.839 0.500 0.8388 0.5000
% 1776177097.2718544 robobot/cmd/ti rc 0.00 0.3
% 1776177097.2722025 robobot/cmd/T0 leds 16 0 30 30
1776177097.2808912 0 0.822 0.123 0.511 6 -2.00 3.50 -0.700 -2.850 20 0.839 0.511 0.8392 0.5115
1776177097.2864623 0 0.822 0.123 0.514 6 -2.00 3.50 -0.700 -2.850 20 0.839 0.514 0.8392 0.5138
1776177097.3366926 0 0.822 0.123 0.526 6 -2.00 3.50 -0.700 -2.850 20 0.839 0.526 0.8393 0.5265
1776177097.3809826 0 0.822 0.123 0.537 6 -2.00 3.50 -0.700 -2.850 20 0.839 0.537 0.8391 0.5369
1776177097.3865268 0 0.822 0.123 0.541 6 -2.00 3.50 -0.700 -2.850 20 0.839 0.541 0.8391 0.5415
% 1776177097.3994257 robobot/cmd/ti alive 2026-04-14 16:31:30.374114
1776177097.435888 0 0.822 0.123 0.559 6 -2.00 3.50 -0.700 -2.850 20 0.839 0.559 0.8394 0.5588
1776177097.4809582 0 0.821 0.122 0.566 6 -2.00 3.50 -0.700 -2.850 20 0.839 0.566 0.8390 0.5657
1776177097.486263 0 0.821 0.122 0.566 6 -2.00 3.50 -0.700 -2.850 20 0.839 0.566 0.8390 0.5657
1776177097.5368555 0 0.821 0.122 0.575 6 -2.00 3.50 -0.700 -2.850 20 0.839 0.575 0.8387 0.5749
1776177097.580286 0 0.821 0.122 0.583 6 -2.00 3.50 -0.700 -2.850 20 0.839 0.583 0.8387 0.5830
1776177097.5869691 0 0.821 0.122 0.585 6 -2.00 3.50 -0.700 -2.850 20 0.836 0.585 0.8359 0.5853
1776177097.6373425 0 0.822 0.123 0.589 6 -2.00 3.50 -0.700 -2.850 20 0.837 0.589 0.8370 0.5887
1776177097.6803143 0 0.822 0.123 0.596 7 -2.00 3.50 -0.700 -2.850 20 0.837 0.596 0.8370 0.5956
% 1776177097.6828175 robobot/cmd/ti rc 0.00 0.3
% 1776177097.6829827 robobot/cmd/T0 leds 16 0 30 30
1776177097.6867828 0 0.823 0.123 0.599 7 -2.00 3.50 -0.700 -2.850 20 0.837 0.599 0.8370 0.5991
1776177097.7370596 0 0.823 0.124 0.607 7 -2.00 3.50 -0.700 -2.850 20 0.838 0.607 0.8375 0.6071
1776177097.780431 0 0.823 0.123 0.614 7 -2.00 3.50 -0.700 -2.850 20 0.838 0.614 0.8376 0.6141
1776177097.7870355 0 0.823 0.124 0.616 7 -2.00 3.50 -0.700 -2.850 20 0.838 0.616 0.8376 0.6164
1776177097.8371472 0 0.824 0.124 0.626 7 -1.00 3.50 -0.700 -2.850 20 0.838 0.626 0.8383 0.6256
1776177097.8805978 0 0.824 0.124 0.629 7 -1.00 3.50 -0.700 -2.850 20 0.839 0.629 0.8388 0.6290
1776177097.887212 0 0.824 0.124 0.631 7 -1.00 3.50 -0.700 -2.850 20 0.839 0.631 0.8388 0.6313
% 1776177097.9010193 robobot/cmd/ti alive 2026-04-14 16:31:30.374114
1776177097.9374735 0 0.824 0.124 0.644 7 -2.00 3.50 -0.700 -2.850 20 0.838 0.644 0.8379 0.6440
1776177097.9810755 0 0.823 0.124 0.653 7 -1.00 3.50 -0.700 -2.850 20 0.838 0.653 0.8379 0.6532
1776177097.9876864 0 0.823 0.124 0.657 7 -1.00 3.50 -0.700 -2.850 20 0.838 0.657 0.8379 0.6567
1776177098.036893 0 0.824 0.124 0.673 7 -1.00 3.50 -0.700 -2.850 20 0.838 0.673 0.8381 0.6728
% 1776177098.0760565 robobot/cmd/ti rc 0.00 0.3
% 1776177098.0762057 robobot/cmd/T0 leds 16 0 30 30
1776177098.0805886 0 0.824 0.124 0.690 8 -1.00 3.50 -0.700 -2.850 20 0.839 0.690 0.8387 0.6901
1776177098.0872092 0 0.824 0.124 0.691 8 -1.00 3.50 -0.700 -2.850 20 0.839 0.691 0.8387 0.6912
1776177098.1373775 0 0.824 0.125 0.689 8 -1.00 3.50 -0.700 -2.850 20 0.838 0.689 0.8378 0.6889
1776177098.1806424 0 0.824 0.125 0.706 8 -1.00 3.50 -0.700 -2.850 20 0.838 0.706 0.8380 0.7062
1776177098.1876373 0 0.825 0.125 0.709 8 -1.00 3.50 -0.700 -2.850 20 0.838 0.709 0.8380 0.7085
1776177098.2380939 0 0.825 0.125 0.713 8 -1.00 3.50 -0.700 -2.850 20 0.838 0.713 0.8383 0.7131
1776177098.2808437 0 0.825 0.125 0.713 8 -1.00 3.50 -0.700 -2.850 20 0.838 0.713 0.8384 0.7131
1776177098.2883244 0 0.825 0.125 0.713 8 -1.00 3.50 -0.700 -2.850 20 0.838 0.713 0.8384 0.7131
1776177098.3385928 0 0.824 0.125 0.719 8 -1.00 3.50 -0.700 -2.850 20 0.839 0.719 0.8385 0.7189
1776177098.3807647 0 0.825 0.125 0.728 8 -1.00 3.50 -0.700 -2.850 20 0.838 0.728 0.8383 0.7281
1776177098.388441 0 0.825 0.125 0.730 8 -1.00 3.50 -0.700 -2.850 20 0.838 0.730 0.8382 0.7304
% 1776177098.40216 robobot/cmd/ti alive 2026-04-14 16:31:30.374114
1776177098.4378333 0 0.825 0.125 0.749 8 -1.00 3.50 -0.700 -2.850 20 0.839 0.749 0.8387 0.7489
% 1776177098.4707758 robobot/cmd/ti rc 0.00 0.3
% 1776177098.471072 robobot/cmd/T0 leds 16 0 30 30
1776177098.4806912 0 0.825 0.125 0.767 9 -1.00 3.50 -0.700 -2.850 20 0.839 0.767 0.8387 0.7673
1776177098.488482 0 0.825 0.125 0.771 9 -1.00 3.50 -0.700 -2.850 20 0.839 0.771 0.8387 0.7707
1776177098.5383146 0 0.825 0.125 0.791 9 -1.00 3.50 -0.700 -2.850 20 0.839 0.791 0.8388 0.7915
1776177098.5806704 0 0.825 0.126 0.802 9 -1.00 3.50 -0.700 -2.850 20 0.839 0.802 0.8389 0.8018
1776177098.5882947 0 0.825 0.126 0.802 9 -1.00 3.50 -0.700 -2.850 20 0.839 0.802 0.8390 0.8018
1776177098.638731 0 0.826 0.126 0.808 9 -1.00 3.50 -0.700 -2.850 20 0.839 0.808 0.8394 0.8076
1776177098.6810224 0 0.826 0.126 0.819 9 -1.00 3.50 -0.700 -2.850 20 0.840 0.819 0.8397 0.8191
1776177098.6885386 0 0.826 0.126 0.821 9 -1.00 3.50 -0.700 -2.850 20 0.840 0.821 0.8397 0.8214
1776177098.7385952 0 0.825 0.126 0.832 9 -1.00 3.50 -0.700 -2.850 20 0.840 0.832 0.8396 0.8318
1776177098.7808363 0 0.825 0.125 0.838 9 -1.00 3.50 -0.700 -2.850 20 0.839 0.838 0.8392 0.8376
1776177098.789259 0 0.825 0.125 0.841 9 -1.00 3.50 -0.700 -2.850 20 0.839 0.841 0.8390 0.8410
1776177098.8379915 0 0.825 0.125 0.856 9 -1.00 3.50 -0.700 -2.850 20 0.838 0.856 0.8382 0.8560
% 1776177098.8766158 robobot/cmd/ti rc 0.00 0.3
% 1776177098.8768198 robobot/cmd/T0 leds 16 0 30 30
1776177098.881471 0 0.825 0.125 0.866 10 -1.00 3.50 -0.700 -2.850 20 0.839 0.866 0.8385 0.8664
1776177098.8880153 0 0.825 0.125 0.870 10 -1.00 3.50 -0.700 -2.850 20 0.839 0.870 0.8385 0.8698
% 1776177098.9037137 robobot/cmd/ti alive 2026-04-14 16:31:30.374114
1776177098.9386504 0 0.825 0.125 0.880 10 -1.00 3.50 -0.700 -2.850 20 0.839 0.880 0.8387 0.8802
1776177098.9813993 0 0.825 0.125 0.891 10 -1.00 3.50 -0.700 -2.850 20 0.839 0.891 0.8391 0.8906
1776177098.989123 0 0.825 0.126 0.894 10 -1.00 3.50 -0.700 -2.850 20 0.839 0.894 0.8391 0.8940
1776177099.0383346 0 0.825 0.125 0.903 10 -1.00 3.50 -0.700 -2.850 20 0.839 0.903 0.8393 0.9032
1776177099.081204 0 0.824 0.124 0.911 10 -1.00 3.50 -0.700 -2.850 20 0.839 0.911 0.8387 0.9113
1776177099.0889053 0 0.824 0.125 0.914 10 -1.00 3.50 -0.700 -2.850 20 0.839 0.914 0.8387 0.9136
1776177099.1383271 0 0.825 0.125 0.931 10 -1.00 3.50 -0.700 -2.850 20 0.839 0.931 0.8388 0.9309
1776177099.180992 0 0.824 0.124 0.941 10 -1.00 3.50 -0.700 -2.850 20 0.839 0.941 0.8388 0.9412
1776177099.1889079 0 0.824 0.125 0.942 10 -1.00 3.50 -0.700 -2.850 20 0.839 0.942 0.8387 0.9424
1776177099.2404087 0 0.825 0.125 0.952 10 -1.00 3.50 -0.700 -2.850 20 0.839 0.952 0.8387 0.9516
1776177099.2813911 0 0.825 0.125 0.963 11 -1.00 3.50 -0.700 -2.850 20 0.839 0.963 0.8394 0.9631
% 1776177099.2860153 robobot/cmd/ti rc 0.00 0.3
% 1776177099.2865236 robobot/cmd/T0 leds 16 0 30 30
1776177099.289397 0 0.825 0.125 0.965 11 -1.00 3.50 -0.700 -2.850 20 0.839 0.965 0.8394 0.9654
1776177099.339411 0 0.824 0.125 0.976 11 -1.00 0.00 -0.700 -2.850 20 0.839 0.976 0.8391 0.9758
1776177099.3810127 0 0.824 0.125 0.992 11 -1.00 0.00 -0.700 -2.850 20 0.839 0.992 0.8391 0.9919
1776177099.388769 0 0.824 0.124 0.995 11 -1.00 0.00 -0.700 -2.850 20 0.839 0.995 0.8391 0.9954
% 1776177099.4049976 robobot/cmd/ti alive 2026-04-14 16:31:30.374114
1776177099.4398417 0 0.824 0.124 1.005 11 -1.00 0.00 -0.700 -2.850 20 0.839 1.005 0.8387 1.0046
1776177099.4815521 0 0.824 0.124 1.006 11 -1.00 0.00 -0.700 -2.850 20 0.839 1.006 0.8386 1.0058
1776177099.4898689 0 0.824 0.124 1.008 11 -1.00 0.00 -0.700 -2.850 20 0.839 1.008 0.8386 1.0081
1776177099.5399141 0 0.825 0.125 1.025 11 -1.00 1.00 -0.700 -2.850 20 0.839 1.025 0.8387 1.0253
1776177099.5809216 0 0.825 0.125 1.028 11 -1.00 1.00 -0.700 -2.850 20 0.839 1.028 0.8392 1.0276
1776177099.5888512 0 0.824 0.125 1.029 11 -1.00 1.00 -0.700 -2.850 20 0.839 1.029 0.8392 1.0288
1776177099.6396155 0 0.824 0.124 1.038 11 -1.00 1.00 -0.700 -2.850 20 0.839 1.038 0.8391 1.0380
% 1776177099.670323 robobot/cmd/ti rc 0.00 0.3
% 1776177099.6709156 robobot/cmd/T0 leds 16 0 30 30
1776177099.680971 0 0.824 0.124 1.051 12 -1.00 1.00 -0.700 -2.850 20 0.838 1.051 0.8383 1.0507
1776177099.6896799 0 0.824 0.124 1.053 12 -1.00 1.00 -0.700 -2.850 20 0.838 1.053 0.8383 1.0530
1776177099.7395935 0 0.824 0.124 1.071 12 -1.00 1.00 -0.700 -2.850 20 0.838 1.071 0.8384 1.0714
1776177099.7808487 0 0.824 0.124 1.083 12 -1.00 1.00 -0.700 -2.850 20 0.838 1.083 0.8384 1.0829
1776177099.789525 0 0.824 0.124 1.088 12 -1.00 1.00 -0.700 -2.850 20 0.838 1.088 0.8384 1.0876
1776177099.8401685 0 0.824 0.124 1.108 12 -1.00 1.00 -0.700 -2.850 20 0.839 1.108 0.8387 1.1083
1776177099.881527 0 0.824 0.124 1.121 12 -1.00 1.00 -0.700 -2.850 20 0.839 1.121 0.8385 1.1210
1776177099.8903706 0 0.824 0.124 1.123 12 -1.00 1.00 -0.700 -2.850 20 0.839 1.123 0.8385 1.1233
% 1776177099.906126 robobot/cmd/ti alive 2026-04-14 16:31:30.374114
1776177099.9398162 0 0.824 0.124 1.133 12 -1.00 1.00 -0.700 -2.850 20 0.839 1.133 0.8385 1.1325
1776177099.9808605 0 0.824 0.125 1.138 12 -1.00 1.00 -0.700 -2.850 20 0.839 1.138 0.8389 1.1382
1776177099.9896896 0 0.824 0.125 1.139 12 -1.00 1.00 -0.700 -2.850 20 0.839 1.139 0.8390 1.1394
1776177100.04077 0 0.824 0.124 1.147 12 -1.00 1.00 -0.700 -2.850 20 0.839 1.147 0.8390 1.1475
% 1776177100.0779312 robobot/cmd/ti rc 0.00 0.3
% 1776177100.07816 robobot/cmd/T0 leds 16 0 30 30
1776177100.0815454 0 0.824 0.124 1.154 13 -1.00 1.00 -0.700 -2.850 20 0.839 1.154 0.8386 1.1544
1776177100.0901868 0 0.824 0.124 1.158 13 -1.00 1.00 -0.700 -2.850 20 0.838 1.158 0.8385 1.1578
1776177100.1400995 0 0.824 0.124 1.174 13 -1.00 1.00 -0.700 -2.850 20 0.838 1.174 0.8381 1.1740
1776177100.1811705 0 0.824 0.124 1.183 13 -1.00 1.00 -0.700 -2.850 20 0.838 1.183 0.8383 1.1832
1776177100.1899774 0 0.824 0.124 1.187 13 -1.00 1.00 -0.700 -2.850 20 0.838 1.187 0.8384 1.1866
1776177100.240941 0 0.824 0.124 1.206 13 0.00 1.00 -0.700 -2.850 20 0.839 1.206 0.8388 1.2062
1776177100.2810695 0 0.824 0.124 1.217 13 0.00 1.00 -0.700 -2.850 20 0.839 1.217 0.8385 1.2166
1776177100.2902694 0 0.824 0.124 1.221 13 0.00 1.00 -0.700 -2.850 20 0.839 1.221 0.8385 1.2212
1776177100.3405533 0 0.824 0.124 1.233 13 0.00 1.00 -0.700 -2.850 20 0.839 1.233 0.8386 1.2327
1776177100.3808408 0 0.824 0.124 1.240 13 0.00 1.00 -0.700 -2.850 20 0.838 1.240 0.8383 1.2396
1776177100.3905792 0 0.824 0.124 1.241 13 0.00 1.00 -0.700 -2.850 20 0.838 1.241 0.8383 1.2408
% 1776177100.4074926 robobot/cmd/ti alive 2026-04-14 16:31:30.374114
1776177100.4409442 0 0.824 0.125 1.249 13 0.00 1.00 -0.700 -2.850 20 0.839 1.249 0.8389 1.2488
% 1776177100.4781637 robobot/cmd/ti rc 0.00 0.3
% 1776177100.4783826 robobot/cmd/T0 leds 16 0 30 30
1776177100.4816456 0 0.824 0.124 1.256 14 0.00 1.00 -0.700 -2.850 20 0.839 1.256 0.8390 1.2558
1776177100.490634 0 0.824 0.124 1.256 14 0.00 1.00 -0.700 -2.850 20 0.839 1.256 0.8389 1.2558
1776177100.5404377 0 0.824 0.124 1.272 14 0.00 1.00 -0.700 -2.850 20 0.839 1.272 0.8385 1.2719
1776177100.5817993 0 0.824 0.124 1.286 14 0.00 1.00 -0.700 -2.850 20 0.838 1.286 0.8384 1.2857
1776177100.590605 0 0.824 0.124 1.290 14 0.00 1.00 -0.700 -2.850 20 0.838 1.290 0.8383 1.2903
1776177100.6408427 0 0.824 0.124 1.302 14 0.00 1.00 -0.700 -2.850 20 0.838 1.302 0.8385 1.3018
1776177100.681961 0 0.824 0.124 1.316 14 0.00 1.00 -0.700 -2.850 20 0.839 1.316 0.8388 1.3157
1776177100.6910233 0 0.824 0.124 1.318 14 0.00 1.00 -0.700 -2.850 20 0.839 1.318 0.8388 1.3180
1776177100.7411633 0 0.824 0.124 1.323 14 0.00 1.00 -0.700 -2.850 20 0.839 1.323 0.8387 1.3226
1776177100.7824042 0 0.824 0.123 1.327 14 0.00 1.00 -0.700 -2.850 20 0.839 1.327 0.8385 1.3272
1776177100.791233 0 0.824 0.123 1.329 14 0.00 1.00 -0.700 -2.850 20 0.838 1.329 0.8385 1.3295
1776177100.8423398 0 0.824 0.123 1.337 14 0.00 1.00 -0.700 -2.850 20 0.838 1.337 0.8380 1.3375
% 1776177100.8762388 robobot/cmd/ti rc 0.00 0.3
% 1776177100.876373 robobot/cmd/T0 leds 16 0 30 30
1776177100.882543 0 0.824 0.124 1.349 15 0.00 1.00 -0.700 -2.850 20 0.838 1.349 0.8382 1.3491
1776177100.891343 0 0.824 0.124 1.353 15 0.00 1.00 -0.700 -2.850 20 0.838 1.353 0.8384 1.3525
% 1776177100.9088335 robobot/cmd/ti alive 2026-04-14 16:31:30.374114
1776177100.9417212 0 0.824 0.123 1.366 15 0.00 1.00 -0.700 -2.850 20 0.838 1.366 0.8384 1.3663
1776177100.9821527 0 0.824 0.123 1.385 15 0.00 1.00 -0.700 -2.850 20 0.839 1.385 0.8385 1.3848
1776177100.9911234 0 0.824 0.123 1.388 15 0.00 1.00 -0.700 -2.850 20 0.839 1.388 0.8386 1.3882
1776177101.0417948 0 0.824 0.123 1.395 15 0.00 1.00 -0.700 -2.850 20 0.838 1.395 0.8383 1.3951
1776177101.0821662 0 0.824 0.123 1.401 15 0.00 1.00 -0.700 -2.850 20 0.838 1.401 0.8380 1.4009
1776177101.091006 0 0.824 0.124 1.403 15 0.00 1.00 -0.700 -2.850 20 0.838 1.403 0.8382 1.4032
1776177101.1411114 0 0.824 0.124 1.405 15 0.00 1.00 -0.700 -2.850 20 0.838 1.405 0.8377 1.4055
1776177101.1818125 0 0.824 0.124 1.417 15 0.00 2.00 -0.700 -2.850 20 0.838 1.417 0.8384 1.4170
1776177101.1917307 0 0.824 0.124 1.417 15 0.00 2.00 -0.700 -2.850 20 0.838 1.417 0.8383 1.4170
1776177101.2420838 0 0.824 0.123 1.435 15 0.00 2.00 -0.700 -2.850 20 0.838 1.435 0.8383 1.4355
% 1776177101.2743025 robobot/cmd/ti rc 0.00 0.3
% 1776177101.2747457 robobot/cmd/T0 leds 16 0 30 30
1776177101.282574 0 0.824 0.124 1.449 16 0.00 2.00 -0.700 -2.850 20 0.838 1.449 0.8380 1.4493
1776177101.2923207 0 0.824 0.124 1.454 16 0.00 2.00 -0.700 -2.850 20 0.838 1.454 0.8381 1.4539
1776177101.3423471 0 0.824 0.124 1.468 16 0.00 2.00 -0.700 -2.850 20 0.838 1.468 0.8384 1.4677
1776177101.3823786 0 0.824 0.124 1.469 16 0.00 2.00 -0.700 -2.850 20 0.838 1.469 0.8383 1.4689
1776177101.392356 0 0.824 0.124 1.470 16 0.00 2.00 -0.700 -2.850 20 0.838 1.470 0.8383 1.4700
% 1776177101.410969 robobot/cmd/ti alive 2026-04-14 16:31:30.374114
1776177101.4427705 0 0.824 0.124 1.480 16 0.00 2.00 -0.700 -2.850 20 0.839 1.480 0.8388 1.4804
1776177101.4822292 0 0.824 0.123 1.484 16 0.00 2.00 -0.700 -2.850 20 0.838 1.484 0.8380 1.4839
1776177101.4921703 0 0.824 0.123 1.487 16 0.00 2.00 -0.700 -2.850 20 0.838 1.487 0.8380 1.4873
1776177101.542425 0 0.824 0.123 1.499 16 0.00 2.00 -0.700 -2.850 20 0.838 1.499 0.8380 1.4988
1776177101.5827036 0 0.824 0.124 1.514 16 0.00 2.00 -0.700 -2.850 20 0.838 1.514 0.8380 1.5138
1776177101.5925024 0 0.824 0.124 1.514 16 0.00 2.00 -0.700 -2.850 20 0.838 1.514 0.8381 1.5138
1776177101.642649 0 0.824 0.123 1.526 16 0.00 2.00 -0.700 -2.850 20 0.838 1.526 0.8380 1.5265
1776177101.6826487 0 0.824 0.124 1.542 17 0.00 2.00 -0.700 -2.850 20 0.838 1.542 0.8384 1.5415
% 1776177101.6839385 robobot/cmd/ti rc 0.00 0.3
% 1776177101.6841648 robobot/cmd/T0 leds 16 0 30 30
1776177101.6925423 0 0.824 0.123 1.544 17 0.00 2.00 -0.700 -2.850 20 0.838 1.544 0.8385 1.5438
1776177101.7424295 0 0.824 0.123 1.547 17 0.00 2.00 -0.700 -2.850 20 0.838 1.547 0.8383 1.5472
1776177101.7824967 0 0.824 0.123 1.561 17 0.00 2.00 -0.700 -2.850 20 0.838 1.561 0.8383 1.5610
1776177101.7924287 0 0.824 0.124 1.563 17 0.00 2.00 -0.700 -2.850 20 0.838 1.563 0.8384 1.5633
1776177101.8425622 0 0.824 0.123 1.575 17 0.00 2.00 -0.700 -2.850 20 0.839 1.575 0.8388 1.5749
1776177101.8831716 0 0.824 0.123 1.581 17 0.00 2.00 -0.700 -2.850 20 0.839 1.581 0.8387 1.5806
1776177101.8928466 0 0.824 0.123 1.584 17 0.00 2.00 -0.700 -2.850 20 0.839 1.584 0.8387 1.5841
% 1776177101.9121811 robobot/cmd/ti alive 2026-04-14 16:31:30.374114
1776177101.9430764 0 0.824 0.123 1.605 17 0.00 2.00 -0.700 -2.850 20 0.839 1.605 0.8389 1.6048
1776177101.9831343 0 0.824 0.123 1.614 17 0.00 2.00 -0.700 -2.850 20 0.839 1.614 0.8387 1.6140
1776177101.9932177 0 0.824 0.123 1.621 17 0.00 2.00 -0.700 -2.850 20 0.839 1.621 0.8387 1.6209
1776177102.0430684 0 0.824 0.124 1.630 17 0.00 2.00 -0.700 -2.850 20 0.839 1.630 0.8390 1.6302
% 1776177102.0792358 robobot/cmd/ti rc 0.00 0.3
% 1776177102.0795197 robobot/cmd/T0 leds 16 0 30 30
1776177102.0828886 0 0.824 0.124 1.631 18 0.00 2.00 -0.700 -2.850 20 0.839 1.631 0.8389 1.6313
1776177102.092924 0 0.824 0.124 1.634 18 0.00 2.00 -0.700 -2.850 20 0.839 1.634 0.8389 1.6336
1776177102.1436799 0 0.824 0.123 1.639 18 0.00 2.00 -0.700 -2.850 20 0.838 1.639 0.8383 1.6394
1776177102.18291 0 0.824 0.123 1.646 18 0.00 2.00 -0.700 -2.850 20 0.838 1.646 0.8380 1.6463
1776177102.192891 0 0.824 0.123 1.650 18 0.00 2.00 -0.700 -2.850 20 0.838 1.650 0.8379 1.6497
1776177102.2432623 0 0.824 0.124 1.664 18 0.00 3.00 -0.700 -2.850 20 0.838 1.664 0.8382 1.6636
1776177102.2824361 0 0.824 0.124 1.671 18 0.00 3.00 -0.700 -2.850 20 0.838 1.671 0.8385 1.6705
1776177102.2935371 0 0.824 0.124 1.675 18 0.00 3.00 -0.700 -2.850 20 0.838 1.675 0.8384 1.6751
1776177102.3431368 0 0.824 0.124 1.696 18 0.00 3.00 -0.700 -2.850 20 0.839 1.696 0.8387 1.6958
1776177102.3832161 0 0.824 0.123 1.706 18 0.00 3.00 -0.700 -2.850 20 0.838 1.706 0.8382 1.7062
1776177102.3932526 0 0.824 0.123 1.710 18 0.00 3.00 -0.700 -2.850 20 0.838 1.710 0.8382 1.7097
% 1776177102.4136531 robobot/cmd/ti alive 2026-04-14 16:31:30.374114
1776177102.444031 0 0.824 0.124 1.721 18 0.00 3.00 -0.700 -2.850 20 0.838 1.721 0.8382 1.7212
% 1776177102.4734175 robobot/cmd/ti rc 0.1 0.98
% 1776177102.4735463 robobot/cmd/T0 leds 16 0 30 0
1776177102.4834862 0 0.824 0.124 1.724 19 1.00 3.00 -0.700 -2.850 20 0.839 1.724 0.8388 1.7235
1776177102.493458 0 0.824 0.125 1.728 19 1.00 3.00 -0.700 -2.850 20 0.839 1.728 0.8388 1.7281
1776177102.5435338 0 0.823 0.128 1.759 19 1.00 3.50 -0.700 -2.850 20 0.842 1.759 0.8417 1.7592
1776177102.582378 0 0.823 0.131 1.787 19 1.00 3.50 -0.700 -2.850 20 0.845 1.787 0.8448 1.7868
1776177102.5935667 0 0.822 0.132 1.804 19 1.00 3.50 -0.700 -2.850 20 0.846 1.804 0.8455 1.8041
1776177102.644616 0 0.821 0.136 1.855 19 2.00 3.50 -0.700 -2.850 20 0.850 1.855 0.8504 1.8548
1776177102.682585 0 0.820 0.140 1.892 19 2.00 3.50 -0.700 -2.850 20 0.854 1.892 0.8543 1.8917
1776177102.6939023 0 0.820 0.141 1.907 19 3.00 3.50 -0.700 -2.850 20 0.855 1.907 0.8551 1.9067
1776177102.7441518 0 0.818 0.146 1.952 19 3.00 3.50 -0.700 -2.850 18 0.860 1.952 0.8599 1.9516
1776177102.782527 0 0.816 0.150 1.983 19 3.00 3.50 -0.700 -2.850 14 0.864 1.983 0.8640 1.9827
1776177102.7937586 0 0.816 0.151 1.998 19 3.00 3.50 -0.700 -2.850 13 0.865 1.998 0.8648 1.9977
1776177102.8445122 0 0.813 0.156 2.043 19 3.00 3.50 -0.700 -2.850 8 0.870 2.043 0.8705 2.0426
% 1776177102.8786469 robobot/cmd/ti rc 0.00 0.32
% 1776177102.8787835 robobot/cmd/T0 leds 16 30 30 0
1776177102.8826554 0 0.812 0.159 2.072 20 3.00 3.50 -0.700 -2.850 4 0.875 2.072 0.8745 2.0725
1776177102.8947234 0 0.811 0.160 2.085 20 3.00 3.50 -0.700 -2.850 3 0.875 2.085 0.8753 2.0852
% 1776177102.9151123 robobot/cmd/ti alive 2026-04-14 16:31:30.374114
1776177102.9438896 0 0.809 0.163 2.111 20 3.00 3.50 -0.700 -2.850 0 0.878 2.111 0.8782 2.1106
1776177102.9827971 0 0.809 0.164 2.120 20 3.00 3.50 -0.700 -2.850 0 0.880 2.120 0.8802 2.1198
1776177102.9939108 0 0.809 0.164 2.126 20 3.00 3.50 -0.700 -2.850 0 0.880 2.126 0.8803 2.1255
1776177103.044821 0 0.809 0.163 2.136 20 3.00 3.50 -0.700 -2.850 0 0.880 2.136 0.8798 2.1359
1776177103.0834818 0 0.810 0.163 2.140 20 3.00 3.50 -0.700 -2.850 0 0.880 2.140 0.8797 2.1405
1776177103.0947428 0 0.810 0.163 2.142 20 3.00 3.50 -0.700 -2.850 0 0.880 2.142 0.8796 2.1417
1776177103.1446426 0 0.810 0.162 2.147 20 3.00 3.50 -0.700 -2.850 0 0.879 2.147 0.8795 2.1474
1776177103.1827552 0 0.810 0.162 2.152 20 3.00 3.50 -0.700 -2.850 0 0.879 2.152 0.8792 2.1520
1776177103.1950135 0 0.810 0.163 2.154 20 3.00 3.50 -0.700 -2.850 0 0.879 2.154 0.8792 2.1543
1776177103.2446203 0 0.810 0.163 2.166 20 3.00 3.50 -0.700 -2.850 0 0.880 2.166 0.8795 2.1659
1776177103.2829683 0 0.809 0.163 2.179 21 3.00 3.50 -0.700 -2.850 0 0.880 2.179 0.8803 2.1785
% 1776177103.2869956 robobot/cmd/ti rc 0.1 0.02
% 1776177103.2872295 robobot/cmd/T0 leds 16 0 30 0
1776177103.2952874 0 0.809 0.163 2.183 21 3.00 3.50 -0.700 -2.850 0 0.880 2.183 0.8804 2.1831
1776177103.3456237 0 0.808 0.165 2.200 21 3.00 3.50 -0.700 -2.850 0 0.882 2.200 0.8815 2.2004
1776177103.3832116 0 0.806 0.167 2.205 21 3.00 3.50 -0.700 -2.850 0 0.884 2.205 0.8841 2.2050
1776177103.3955257 0 0.806 0.168 2.208 21 3.00 3.50 -0.700 -2.850 0 0.885 2.208 0.8854 2.2085
% 1776177103.4162736 robobot/cmd/ti alive 2026-04-14 16:31:30.374114
1776177103.4459164 0 0.804 0.171 2.224 21 3.00 3.50 -0.700 -2.850 0 0.889 2.224 0.8890 2.2235
1776177103.4829993 0 0.802 0.173 2.230 21 3.00 3.50 -0.700 -2.850 0 0.893 2.230 0.8926 2.2304
1776177103.495147 0 0.801 0.174 2.235 21 3.00 3.50 -0.700 -2.850 0 0.893 2.235 0.8932 2.2350
1776177103.5453625 0 0.798 0.178 2.241 21 3.00 3.50 -0.700 -2.850 0 0.897 2.241 0.8974 2.2407
1776177103.5833375 0 0.796 0.180 2.243 21 3.00 3.50 -0.700 -2.850 0 0.901 2.243 0.9013 2.2431
1776177103.5955544 0 0.795 0.182 2.244 21 3.00 3.50 -0.700 -2.850 0 0.903 2.244 0.9029 2.2442
1776177103.6451101 0 0.792 0.186 2.247 21 3.00 3.50 -0.700 -2.850 0 0.908 2.247 0.9080 2.2465
% 1776177103.6729712 robobot/cmd/ti rc 0.1 -0.21
% 1776177103.6731389 robobot/cmd/T0 leds 16 0 30 0
1776177103.6829038 0 0.789 0.189 2.250 22 3.00 3.50 -0.700 -2.850 0 0.913 2.250 0.9128 2.2500
1776177103.6958823 0 0.788 0.190 2.251 22 3.00 3.50 -0.700 -2.850 0 0.914 2.251 0.9138 2.2511
1776177103.7458293 0 0.785 0.195 2.247 22 3.00 3.50 -0.700 -2.850 0 0.919 2.247 0.9190 2.2465
1776177103.7835846 0 0.782 0.197 2.241 22 3.00 3.50 -0.700 -2.850 0 0.923 2.241 0.9232 2.2407
1776177103.795818 0 0.782 0.199 2.238 22 3.00 3.50 -0.700 -2.850 0 0.925 2.238 0.9247 2.2384
1776177103.8475473 0 0.779 0.202 2.228 22 3.00 3.50 -0.700 -2.850 0 0.930 2.228 0.9295 2.2281
1776177103.8832088 0 0.777 0.205 2.220 22 3.00 3.50 -0.700 -2.850 0 0.933 2.220 0.9334 2.2200
1776177103.895328 0 0.776 0.206 2.219 22 3.00 3.50 -0.700 -2.850 0 0.934 2.219 0.9342 2.2189
% 1776177103.9174507 robobot/cmd/ti alive 2026-04-14 16:31:30.374114
1776177103.9458632 0 0.773 0.210 2.210 22 3.00 3.50 -0.700 -2.850 0 0.939 2.210 0.9390 2.2096
1776177103.9832282 0 0.770 0.213 2.203 22 3.00 3.50 -0.700 -2.850 0 0.943 2.203 0.9430 2.2027
1776177103.9959967 0 0.770 0.215 2.200 22 3.00 3.50 -0.700 -2.850 0 0.945 2.200 0.9447 2.2004
1776177104.047304 0 0.766 0.219 2.190 22 3.00 3.50 -0.700 -2.850 0 0.950 2.190 0.9498 2.1901
% 1776177104.0810964 robobot/cmd/ti rc 0.00 -0.16
% 1776177104.0814962 robobot/cmd/T0 leds 16 30 30 0
1776177104.0836887 0 0.764 0.222 2.184 23 3.00 3.50 -0.700 -2.850 0 0.954 2.184 0.9541 2.1843
1776177104.0967953 0 0.764 0.223 2.180 23 3.00 3.50 -0.700 -2.850 0 0.955 2.180 0.9549 2.1797
1776177104.1464245 0 0.763 0.224 2.168 23 3.00 3.50 -0.700 -2.850 0 0.958 2.168 0.9578 2.1682
1776177104.1828406 0 0.762 0.225 2.158 23 3.00 3.50 -0.700 -2.850 0 0.959 2.158 0.9592 2.1578
1776177104.196227 0 0.762 0.225 2.158 23 3.00 3.50 -0.700 -2.850 0 0.960 2.158 0.9598 2.1578
1776177104.2485993 0 0.763 0.224 2.155 23 3.00 3.50 -0.700 -2.850 0 0.960 2.155 0.9602 2.1555
1776177104.2837174 0 0.763 0.224 2.151 23 3.00 3.50 -0.700 -2.850 0 0.960 2.151 0.9600 2.1509
1776177104.2968254 0 0.763 0.224 2.150 23 3.00 3.50 -0.700 -2.850 0 0.960 2.150 0.9599 2.1497
1776177104.346609 0 0.763 0.223 2.145 23 3.00 3.50 -0.700 -2.850 0 0.959 2.145 0.9595 2.1451
1776177104.3834486 0 0.763 0.223 2.142 23 3.00 3.50 -0.700 -2.850 0 0.959 2.142 0.9590 2.1417
1776177104.3967466 0 0.763 0.223 2.142 23 3.00 3.50 -0.700 -2.850 0 0.959 2.142 0.9589 2.1417
% 1776177104.4189415 robobot/cmd/ti alive 2026-04-14 16:31:30.374114
1776177104.4465435 0 0.763 0.223 2.142 23 3.00 3.50 -0.700 -2.850 0 0.959 2.142 0.9587 2.1417
% 1776177104.4745321 robobot/cmd/ti rc 0.00 -0.06
% 1776177104.4748123 robobot/cmd/T0 leds 16 30 30 0
1776177104.483312 0 0.764 0.223 2.140 24 3.00 3.50 -0.700 -2.850 0 0.959 2.140 0.9586 2.1405
1776177104.4965112 0 0.764 0.223 2.139 24 3.00 3.50 -0.700 -2.850 0 0.959 2.139 0.9586 2.1394
1776177104.5465758 0 0.764 0.222 2.136 24 3.00 3.50 -0.700 -2.850 0 0.959 2.136 0.9585 2.1359
1776177104.5833237 0 0.764 0.222 2.136 24 3.00 3.50 -0.700 -2.850 0 0.958 2.136 0.9584 2.1359
1776177104.5967572 0 0.764 0.222 2.136 24 3.00 3.50 -0.700 -2.850 0 0.958 2.136 0.9583 2.1359
1776177104.647216 0 0.764 0.222 2.136 24 3.00 3.50 -0.700 -2.850 0 0.958 2.136 0.9582 2.1359
1776177104.6838198 0 0.764 0.222 2.136 24 3.00 3.50 -0.700 -2.850 0 0.958 2.136 0.9581 2.1359
1776177104.6969566 0 0.764 0.222 2.136 24 3.00 3.50 -0.700 -2.850 0 0.958 2.136 0.9581 2.1359
1776177104.7472107 0 0.764 0.222 2.136 24 3.00 3.50 -0.700 -2.850 0 0.958 2.136 0.9580 2.1359
1776177104.782901 0 0.764 0.222 2.136 24 3.00 3.50 -0.700 -2.850 0 0.958 2.136 0.9579 2.1359
1776177104.7974477 0 0.764 0.222 2.136 24 3.00 3.50 -0.700 -2.850 0 0.958 2.136 0.9579 2.1359
1776177104.8480058 0 0.764 0.222 2.136 24 3.00 3.50 -0.700 -2.850 0 0.958 2.136 0.9578 2.1359
% 1776177104.8795984 robobot/cmd/ti rc 0.05 0.00
% 1776177104.8798397 robobot/cmd/T0 leds 16 0 0 30
1776177104.8839235 0 0.764 0.222 2.136 25 3.00 3.50 -0.700 -2.850 0 0.958 2.136 0.9578 2.1359
1776177104.8971398 0 0.764 0.222 2.136 25 3.00 3.50 -0.700 -2.850 0 0.958 2.136 0.9578 2.1359
% 1776177104.9202085 robobot/cmd/ti alive 2026-04-14 16:31:30.374114
1776177104.947253 0 0.763 0.223 2.128 25 3.00 3.50 -0.700 -2.850 0 0.958 2.128 0.9578 2.1278
1776177104.9839015 0 0.763 0.224 2.122 25 3.00 3.50 -0.700 -2.850 0 0.959 2.122 0.9592 2.1221
1776177104.9977505 0 0.762 0.225 2.121 25 3.00 3.50 -0.700 -2.850 0 0.960 2.121 0.9595 2.1209
1776177105.0480456 0 0.761 0.227 2.116 25 3.00 3.50 -0.700 -2.850 0 0.962 2.116 0.9620 2.1163
1776177105.0835435 0 0.760 0.229 2.111 25 3.00 3.50 -0.700 -2.850 0 0.964 2.111 0.9643 2.1106
1776177105.0969298 0 0.759 0.230 2.109 25 3.00 3.50 -0.700 -2.850 0 0.965 2.109 0.9649 2.1094
1776177105.1472428 0 0.758 0.232 2.105 25 3.00 3.50 -0.700 -2.850 0 0.968 2.105 0.9678 2.1048
1776177105.1839857 0 0.757 0.234 2.101 25 3.00 3.50 -0.700 -2.850 0 0.970 2.101 0.9698 2.1014
1776177105.197379 0 0.757 0.234 2.099 25 3.00 3.50 -0.700 -2.850 0 0.971 2.099 0.9708 2.0990
1776177105.2471957 0 0.755 0.236 2.099 25 3.00 3.50 -0.700 -2.850 0 0.973 2.099 0.9730 2.0990
% 1776177105.2749276 robobot/cmd/ti rc 0.05 0.00
% 1776177105.2750747 robobot/cmd/T0 leds 16 0 0 30
1776177105.2838986 0 0.755 0.238 2.097 26 3.00 3.50 -0.700 -2.850 0 0.975 2.097 0.9751 2.0967
1776177105.2969973 0 0.754 0.238 2.099 26 3.00 3.50 -0.700 -2.850 0 0.975 2.099 0.9755 2.0990
1776177105.347858 0 0.753 0.240 2.093 26 3.00 3.50 -0.700 -2.850 0 0.978 2.093 0.9781 2.0933
1776177105.3845663 0 0.753 0.241 2.098 26 3.00 3.50 -0.700 -2.850 0 0.980 2.098 0.9798 2.0979
1776177105.3969038 0 0.752 0.242 2.096 26 3.00 3.50 -0.700 -2.850 0 0.980 2.096 0.9804 2.0956
% 1776177105.4216444 robobot/cmd/ti alive 2026-04-14 16:31:30.374114
1776177105.4478366 0 0.751 0.244 2.097 26 3.00 3.50 -0.700 -2.850 0 0.983 2.097 0.9830 2.0967
1776177105.4845266 0 0.751 0.245 2.097 26 3.00 3.50 -0.700 -2.850 0 0.984 2.097 0.9842 2.0967
1776177105.4978604 0 0.750 0.246 2.093 26 3.00 3.50 -0.700 -2.850 0 0.985 2.093 0.9846 2.0933
1776177105.5478582 0 0.749 0.247 2.084 26 3.00 3.50 -0.700 -2.850 0 0.987 2.084 0.9873 2.0841
1776177105.5847418 0 0.748 0.249 2.084 26 3.00 3.50 -0.700 -2.850 0 0.989 2.084 0.9888 2.0841
1776177105.5983603 0 0.748 0.249 2.085 26 3.00 3.50 -0.700 -2.850 0 0.990 2.085 0.9896 2.0852
1776177105.6486952 0 0.747 0.251 2.090 27 3.00 3.50 -0.700 -2.850 0 0.991 2.090 0.9915 2.0898
% 1776177105.6753068 robobot/cmd/ti rc 0.00 0.08
% 1776177105.6755836 robobot/cmd/T0 leds 16 30 30 0
1776177105.684514 0 0.746 0.252 2.083 27 3.00 3.50 -0.700 -2.850 0 0.994 2.083 0.9940 2.0829
1776177105.6977797 0 0.746 0.252 2.085 27 3.00 3.50 -0.700 -2.850 0 0.994 2.085 0.9943 2.0852
1776177105.7481763 0 0.746 0.253 2.090 27 3.00 3.50 -0.700 -2.850 0 0.995 2.090 0.9953 2.0898
1776177105.7839189 0 0.746 0.253 2.090 27 3.00 3.50 -0.700 -2.850 0 0.996 2.090 0.9957 2.0898
1776177105.7986338 0 0.746 0.253 2.091 27 3.00 3.50 -0.700 -2.850 0 0.996 2.091 0.9959 2.0910
1776177105.848081 0 0.746 0.253 2.091 27 3.00 3.50 -0.700 -2.850 0 0.996 2.091 0.9962 2.0910
1776177105.8846781 0 0.746 0.253 2.091 27 3.00 3.50 -0.700 -2.850 0 0.996 2.091 0.9963 2.0910
1776177105.897898 0 0.746 0.253 2.091 27 3.00 3.50 -0.700 -2.850 0 0.996 2.091 0.9963 2.0910
% 1776177105.9228942 robobot/cmd/ti alive 2026-04-14 16:31:30.374114
1776177105.9482012 0 0.746 0.253 2.091 27 3.00 3.50 -0.700 -2.850 0 0.996 2.091 0.9964 2.0910
1776177105.9840815 0 0.746 0.253 2.091 27 3.00 3.50 -0.700 -2.850 0 0.996 2.091 0.9965 2.0910
1776177105.9986115 0 0.746 0.253 2.091 27 3.00 3.50 -0.700 -2.850 0 0.996 2.091 0.9965 2.0910
1776177106.0489678 0 0.746 0.253 2.091 28 3.00 3.50 -0.700 -2.850 0 0.997 2.091 0.9965 2.0910
% 1776177106.0800524 robobot/cmd/ti rc 0.00 0.07
% 1776177106.0804746 robobot/cmd/T0 leds 16 30 30 0
1776177106.0840893 0 0.746 0.253 2.091 28 3.00 3.50 -0.700 -2.850 0 0.997 2.091 0.9965 2.0910
1776177106.0983226 0 0.746 0.253 2.091 28 3.00 3.50 -0.700 -2.850 0 0.997 2.091 0.9965 2.0910
1776177106.1482525 0 0.746 0.253 2.091 28 3.00 3.50 -0.700 -2.850 0 0.997 2.091 0.9966 2.0910
1776177106.184879 0 0.746 0.253 2.091 28 3.00 3.50 -0.700 -2.850 0 0.997 2.091 0.9966 2.0910
1776177106.199208 0 0.746 0.253 2.091 28 3.00 3.50 -0.700 -2.850 0 0.997 2.091 0.9966 2.0910
1776177106.2496314 0 0.746 0.253 2.091 28 3.00 3.50 -0.700 -2.850 0 0.997 2.091 0.9966 2.0910
1776177106.284875 0 0.746 0.253 2.091 28 3.00 3.50 -0.700 -2.850 0 0.997 2.091 0.9966 2.0910
1776177106.2995965 0 0.746 0.253 2.091 28 3.00 3.50 -0.700 -2.850 0 0.997 2.091 0.9966 2.0910
1776177106.3493044 0 0.746 0.253 2.091 28 3.00 3.50 -0.700 -2.850 0 0.997 2.091 0.9966 2.0910
1776177106.3842764 0 0.746 0.253 2.087 28 3.00 3.50 -0.700 -2.850 0 0.995 2.087 0.9952 2.0875
1776177106.39975 0 0.746 0.253 2.089 28 3.00 3.50 -0.700 -2.850 0 0.995 2.089 0.9955 2.0887
% 1776177106.4241858 robobot/cmd/ti alive 2026-04-14 16:31:30.374114
1776177106.449737 0 0.746 0.253 2.094 29 3.00 3.50 -0.700 -2.850 0 0.995 2.094 0.9950 2.0944
% 1776177106.476341 robobot/cmd/ti rc 0.00 0.08
% 1776177106.4766212 robobot/cmd/T0 leds 16 30 30 0
1776177106.4844425 0 0.746 0.253 2.098 29 3.00 3.50 -0.700 -2.850 0 0.995 2.098 0.9948 2.0979
1776177106.4989948 0 0.746 0.253 2.099 29 3.00 3.50 -0.700 -2.850 0 0.995 2.099 0.9949 2.0990
1776177106.5491085 0 0.745 0.254 2.106 29 3.00 3.50 -0.700 -2.850 0 0.995 2.106 0.9954 2.1060
1776177106.5842385 0 0.745 0.254 2.107 29 3.00 3.50 -0.700 -2.850 0 0.996 2.107 0.9958 2.1071
1776177106.5990002 0 0.745 0.254 2.107 29 3.00 3.50 -0.700 -2.850 0 0.996 2.107 0.9960 2.1071
1776177106.6499166 0 0.745 0.254 2.107 29 3.00 3.50 -0.700 -2.850 0 0.996 2.107 0.9962 2.1071
1776177106.6848574 0 0.745 0.254 2.107 29 3.00 3.50 -0.700 -2.850 0 0.996 2.107 0.9963 2.1071
1776177106.699055 0 0.745 0.254 2.107 29 3.00 3.50 -0.700 -2.850 0 0.996 2.107 0.9964 2.1071
1776177106.74945 0 0.745 0.254 2.107 29 3.00 3.50 -0.700 -2.850 0 0.996 2.107 0.9965 2.1071
1776177106.7842753 0 0.745 0.254 2.107 29 3.00 3.50 -0.700 -2.850 0 0.997 2.107 0.9965 2.1071
1776177106.7996163 0 0.745 0.254 2.107 29 3.00 3.50 -0.700 -2.850 0 0.997 2.107 0.9965 2.1071
1776177106.8493888 0 0.745 0.254 2.107 30 3.00 3.50 -0.700 -2.850 0 0.997 2.107 0.9966 2.1071
% 1776177106.8716223 robobot/cmd/ti rc 0.05 0.00
% 1776177106.8718693 robobot/cmd/T0 leds 16 0 0 30
1776177106.8850968 0 0.745 0.254 2.107 30 3.00 3.50 -0.700 -2.850 0 0.997 2.107 0.9966 2.1071
1776177106.8997042 0 0.745 0.254 2.108 30 3.00 3.50 -0.700 -2.850 0 0.997 2.108 0.9966 2.1083
% 1776177106.9254746 robobot/cmd/ti alive 2026-04-14 16:31:30.374114
1776177106.9684477 0 0.745 0.255 2.116 30 3.00 3.50 -0.700 -2.850 0 0.997 2.116 0.9970 2.1163
1776177106.984679 0 0.744 0.256 2.121 30 3.00 3.50 -0.700 -2.850 0 0.998 2.121 0.9978 2.1209
1776177107.000428 0 0.744 0.257 2.123 30 3.00 3.50 -0.700 -2.850 0 0.998 2.123 0.9983 2.1232
1776177107.0507522 0 0.742 0.260 2.126 30 3.00 3.50 -0.700 -2.850 0 1.002 2.126 1.0016 2.1255
1776177107.084491 0 0.741 0.261 2.129 30 3.00 3.50 -0.700 -2.850 0 1.004 2.129 1.0038 2.1290
1776177107.099972 0 0.740 0.262 2.128 30 3.00 3.50 -0.700 -2.850 0 1.004 2.128 1.0045 2.1278
1776177107.1499193 0 0.739 0.264 2.132 30 3.00 3.50 -0.700 -2.850 0 1.008 2.132 1.0078 2.1325
1776177107.184481 0 0.738 0.266 2.132 30 3.00 3.50 -0.700 -2.850 0 1.010 2.132 1.0098 2.1325
1776177107.2000878 0 0.738 0.266 2.134 30 3.00 3.50 -0.700 -2.850 0 1.011 2.134 1.0109 2.1336
1776177107.2509954 0 0.737 0.268 2.140 31 3.00 3.50 -0.700 -2.850 0 1.013 2.140 1.0125 2.1405
% 1776177107.2769618 robobot/cmd/ti rc 0.00 0.00
% 1776177107.2773867 robobot/cmd/T0 servo 1 200 200
% 1776177107.2777147 robobot/cmd/T0 leds 16 0 30 0
1776177107.2848332 0 0.736 0.269 2.138 31 3.00 3.50 -0.700 -2.850 0 1.015 2.138 1.0148 2.1382
1776177107.3002384 0 0.736 0.270 2.135 31 3.00 3.50 -0.700 -2.850 0 1.015 2.135 1.0153 2.1348
1776177107.3499687 0 0.736 0.270 2.136 31 3.00 3.50 -0.700 -2.850 0 1.017 2.136 1.0166 2.1359
1776177107.3852725 0 0.736 0.270 2.136 31 3.00 3.50 -0.700 -2.850 0 1.017 2.136 1.0169 2.1359
1776177107.4007366 0 0.736 0.270 2.136 31 3.00 3.50 -0.700 -2.850 0 1.017 2.136 1.0170 2.1359
% 1776177107.4267275 robobot/cmd/ti alive 2026-04-14 16:31:30.374114
1776177107.450604 0 0.736 0.269 2.137 31 3.00 3.50 -0.700 -2.850 0 1.017 2.137 1.0172 2.1371
1776177107.4848523 0 0.736 0.269 2.137 31 3.00 3.50 -0.700 -2.850 0 1.017 2.137 1.0173 2.1371
1776177107.5012047 0 0.736 0.269 2.137 31 3.00 3.50 -0.700 -2.850 0 1.017 2.137 1.0173 2.1371
1776177107.5508885 0 0.736 0.269 2.137 31 3.00 3.50 -0.700 -2.850 0 1.017 2.137 1.0173 2.1371
1776177107.5851958 0 0.736 0.269 2.137 31 3.00 3.50 -0.700 -2.850 0 1.017 2.137 1.0173 2.1371
1776177107.6007514 0 0.736 0.269 2.137 31 3.00 3.50 -0.700 -2.850 0 1.017 2.137 1.0173 2.1371
1776177107.6508212 0 0.736 0.269 2.137 31 3.00 3.50 -0.700 -2.850 0 1.017 2.137 1.0174 2.1371
1776177107.6851115 0 0.736 0.269 2.137 31 3.00 3.50 -0.700 -2.850 0 1.017 2.137 1.0174 2.1371
1776177107.7016327 0 0.736 0.269 2.137 31 3.00 3.50 -0.700 -2.850 0 1.017 2.137 1.0174 2.1371
1776177107.7511773 0 0.736 0.269 2.137 31 3.00 3.50 -0.700 -2.850 0 1.017 2.137 1.0174 2.1371
1776177107.7845016 0 0.736 0.269 2.137 31 3.00 3.50 -0.700 -2.850 0 1.017 2.137 1.0175 2.1371
1776177107.801255 0 0.736 0.269 2.137 31 3.00 3.50 -0.700 -2.850 0 1.017 2.137 1.0174 2.1371
1776177107.851142 0 0.736 0.269 2.137 31 3.00 3.50 -0.700 -2.850 0 1.017 2.137 1.0174 2.1371
1776177107.8850803 0 0.736 0.269 2.137 31 3.00 3.50 -0.700 -2.850 0 1.017 2.137 1.0174 2.1371
1776177107.9017763 0 0.736 0.269 2.137 31 3.00 3.50 -0.700 -2.850 0 1.017 2.137 1.0173 2.1371
% 1776177107.9280567 robobot/cmd/ti alive 2026-04-14 16:31:30.374114
1776177107.9513414 0 0.736 0.269 2.137 31 3.00 3.50 -0.700 -2.850 0 1.017 2.137 1.0173 2.1371
1776177107.984611 0 0.736 0.269 2.137 31 3.00 3.50 -0.700 -2.850 0 1.017 2.137 1.0173 2.1371
1776177108.0015676 0 0.736 0.269 2.137 31 3.00 3.50 -0.700 -2.850 0 1.017 2.137 1.0173 2.1371
1776177108.0515795 0 0.736 0.269 2.137 31 3.00 3.50 -0.700 -2.850 0 1.017 2.137 1.0173 2.1371
1776177108.0854237 0 0.736 0.269 2.137 31 3.00 3.50 -0.700 -2.850 0 1.017 2.137 1.0173 2.1371
1776177108.1011693 0 0.736 0.269 2.137 31 3.00 3.50 -0.700 -2.850 0 1.017 2.137 1.0173 2.1371
1776177108.1515405 0 0.736 0.269 2.137 31 3.00 3.50 -0.700 -2.850 0 1.017 2.137 1.0173 2.1371
1776177108.1845055 0 0.736 0.269 2.137 31 3.00 3.50 -0.700 -2.850 0 1.017 2.137 1.0173 2.1371
1776177108.2013028 0 0.736 0.269 2.137 31 3.00 3.50 -0.700 -2.850 0 1.017 2.137 1.0173 2.1371
1776177108.2529457 0 0.736 0.269 2.137 31 3.00 3.50 -0.700 -2.850 0 1.017 2.137 1.0173 2.1371
1776177108.2847135 0 0.736 0.269 2.137 31 3.00 3.50 -0.700 -2.850 0 1.017 2.137 1.0173 2.1371
1776177108.3024576 0 0.736 0.269 2.137 31 3.00 3.50 -0.700 -2.850 0 1.017 2.137 1.0173 2.1371
1776177108.3517017 0 0.736 0.269 2.137 31 3.00 3.50 -0.700 -2.850 0 1.017 2.137 1.0173 2.1371
1776177108.3850613 0 0.736 0.269 2.137 31 3.00 3.50 -0.700 -2.850 0 1.017 2.137 1.0173 2.1371
1776177108.401835 0 0.736 0.269 2.137 31 3.00 3.50 -0.700 -2.850 0 1.017 2.137 1.0173 2.1371
% 1776177108.429588 robobot/cmd/ti alive 2026-04-14 16:31:30.374114
1776177108.4526923 0 0.736 0.269 2.137 31 3.00 3.50 -0.700 -2.850 0 1.017 2.137 1.0173 2.1371
1776177108.4854527 0 0.736 0.269 2.137 31 3.00 3.50 -0.700 -2.850 0 1.017 2.137 1.0173 2.1371
1776177108.502062 0 0.736 0.269 2.137 31 3.00 3.50 -0.700 -2.850 0 1.017 2.137 1.0173 2.1371
1776177108.5520954 0 0.736 0.269 2.137 31 3.00 3.50 -0.700 -2.850 0 1.017 2.137 1.0173 2.1371
1776177108.584632 0 0.736 0.269 2.137 31 3.00 3.50 -0.700 -2.850 0 1.017 2.137 1.0173 2.1371
1776177108.602678 0 0.736 0.269 2.137 31 3.00 3.50 -0.700 -2.850 0 1.017 2.137 1.0173 2.1371
1776177108.6528957 0 0.736 0.269 2.137 31 3.00 3.50 -0.700 -2.850 0 1.017 2.137 1.0173 2.1371
1776177108.685247 0 0.736 0.269 2.137 31 3.00 3.50 -0.700 -2.850 0 1.017 2.137 1.0173 2.1371
1776177108.7018838 0 0.736 0.269 2.137 31 3.00 3.50 -0.700 -2.850 0 1.017 2.137 1.0173 2.1371
1776177108.7522533 0 0.736 0.269 2.137 31 3.00 3.50 -0.700 -2.850 0 1.017 2.137 1.0173 2.1371
1776177108.7847662 0 0.736 0.269 2.137 31 3.00 3.50 -0.700 -2.850 0 1.017 2.137 1.0173 2.1371
1776177108.8023927 0 0.736 0.269 2.137 31 3.00 3.50 -0.700 -2.850 0 1.017 2.137 1.0173 2.1371
1776177108.852695 0 0.736 0.269 2.137 31 3.00 3.50 -0.700 -2.850 0 1.017 2.137 1.0173 2.1371
1776177108.885309 0 0.736 0.269 2.137 31 3.00 3.50 -0.700 -2.850 0 1.017 2.137 1.0173 2.1371
1776177108.902973 0 0.736 0.269 2.137 31 3.00 3.50 -0.700 -2.850 0 1.017 2.137 1.0173 2.1371
% 1776177108.9309297 robobot/cmd/ti alive 2026-04-14 16:31:30.374114
1776177108.9521163 0 0.736 0.269 2.137 31 3.00 3.50 -0.700 -2.850 0 1.017 2.137 1.0173 2.1371
1776177108.985586 0 0.736 0.269 2.137 31 3.00 3.50 -0.700 -2.850 0 1.017 2.137 1.0173 2.1371
1776177109.002861 0 0.736 0.269 2.137 31 3.00 3.50 -0.700 -2.850 0 1.017 2.137 1.0173 2.1371
1776177109.0531037 0 0.736 0.269 2.137 31 3.00 3.50 -0.700 -2.850 0 1.017 2.137 1.0173 2.1371
1776177109.0854125 0 0.736 0.269 2.137 31 3.00 3.50 -0.700 -2.850 0 1.017 2.137 1.0173 2.1371
1776177109.1030107 0 0.736 0.269 2.137 31 3.00 3.50 -0.700 -2.850 0 1.017 2.137 1.0173 2.1371
1776177109.1530344 0 0.736 0.269 2.137 31 3.00 3.50 -0.700 -2.850 0 1.017 2.137 1.0173 2.1371
1776177109.1854274 0 0.736 0.269 2.137 31 3.00 3.50 -0.700 -2.850 0 1.017 2.137 1.0173 2.1371
1776177109.2033474 0 0.736 0.269 2.137 31 3.00 3.50 -0.700 -2.850 0 1.017 2.137 1.0173 2.1371
1776177109.2536335 0 0.736 0.269 2.137 31 3.00 3.50 -0.700 -2.850 0 1.017 2.137 1.0173 2.1371
% 1776177109.2787051 robobot/cmd/ti rc 0.000 -0.785
1776177109.2850943 0 0.736 0.269 2.137 31 3.00 3.50 -0.700 -2.850 0 1.017 2.137 0.0000 0.0000
1776177109.3028948 0 0.736 0.269 2.135 31 3.00 3.50 -0.700 -2.850 0 1.017 2.135 0.0000 -0.0023
1776177109.3529193 0 0.736 0.270 2.111 31 3.00 3.50 -0.700 -2.850 0 1.017 2.111 -0.0002 -0.0265
1776177109.385279 0 0.736 0.270 2.104 31 3.00 3.50 -0.700 -2.850 0 1.018 2.104 0.0003 -0.0334
1776177109.403043 0 0.736 0.269 2.101 31 3.00 3.50 -0.700 -2.850 0 1.018 2.101 0.0003 -0.0357
% 1776177109.4324815 robobot/cmd/ti alive 2026-04-14 16:31:30.374114
1776177109.4537895 0 0.736 0.269 2.076 31 3.00 3.50 -0.700 -2.850 0 1.017 2.076 0.0002 -0.0611
1776177109.4855444 0 0.736 0.269 2.059 31 3.00 3.50 -0.700 -2.850 0 1.017 2.059 0.0000 -0.0784
1776177109.503531 0 0.736 0.269 2.044 31 3.00 3.50 -0.700 -2.850 0 1.017 2.044 0.0000 -0.0934
1776177109.5536988 0 0.736 0.270 2.006 31 3.00 3.50 -0.700 -2.850 0 1.017 2.006 0.0002 -0.1314
1776177109.5848777 0 0.736 0.269 1.979 31 3.00 3.50 -0.700 -2.850 0 1.018 1.979 0.0002 -0.1579
1776177109.603726 0 0.736 0.270 1.964 31 3.00 3.50 -0.700 -2.850 0 1.018 1.964 0.0004 -0.1728
1776177109.653182 0 0.736 0.270 1.922 31 3.00 3.50 -0.700 -2.850 0 1.018 1.922 0.0007 -0.2155
1776177109.685611 0 0.735 0.270 1.897 31 3.00 3.50 -0.700 -2.850 0 1.018 1.897 0.0009 -0.2397
1776177109.70328 0 0.735 0.270 1.881 31 3.00 3.50 -0.700 -2.850 0 1.018 1.881 0.0009 -0.2558
1776177109.7533967 0 0.735 0.270 1.843 31 3.00 3.50 -0.700 -2.850 0 1.018 1.843 0.0009 -0.2938
1776177109.785815 0 0.735 0.270 1.820 31 3.00 3.50 -0.700 -2.850 0 1.018 1.820 0.0010 -0.3168
1776177109.8035512 0 0.735 0.270 1.805 31 3.00 3.50 -0.700 -2.850 0 1.018 1.805 0.0009 -0.3318
1776177109.8536005 0 0.735 0.270 1.764 31 3.00 3.50 -0.700 -2.850 0 1.019 1.764 0.0012 -0.3733
1776177109.8849158 0 0.735 0.270 1.742 31 3.00 3.50 -0.700 -2.850 0 1.018 1.742 0.0011 -0.3952
1776177109.9045992 0 0.735 0.270 1.727 31 3.00 3.50 -0.700 -2.850 0 1.018 1.727 0.0012 -0.4102
% 1776177109.9343204 robobot/cmd/ti alive 2026-04-14 16:31:30.374114
1776177109.954226 0 0.735 0.270 1.688 31 3.00 3.50 -0.700 -2.850 0 1.018 1.688 0.0011 -0.4493
1776177109.9859705 0 0.735 0.270 1.666 31 3.00 3.50 -0.700 -2.850 0 1.018 1.666 0.0011 -0.4712
1776177110.0048249 0 0.735 0.270 1.652 31 3.00 3.50 -0.700 -2.850 0 1.018 1.652 0.0010 -0.4850
1776177110.0544643 0 0.735 0.271 1.614 31 3.00 3.50 -0.700 -2.850 0 1.018 1.614 0.0011 -0.5231
1776177110.0856442 0 0.735 0.270 1.590 31 3.00 3.50 -0.700 -2.850 0 1.018 1.590 0.0010 -0.5473
1776177110.104497 0 0.735 0.270 1.576 31 3.00 3.50 -0.700 -2.850 0 1.018 1.576 0.0012 -0.5611
1776177110.1546624 0 0.735 0.270 1.539 31 3.00 3.50 -0.700 -2.850 0 1.019 1.539 0.0012 -0.5979
1776177110.1852443 0 0.735 0.271 1.516 31 3.00 3.50 -0.700 -2.850 0 1.019 1.516 0.0013 -0.6210
1776177110.204143 0 0.735 0.270 1.500 31 3.00 3.50 -0.700 -2.850 0 1.019 1.500 0.0012 -0.6371
1776177110.2539787 0 0.735 0.271 1.464 31 3.00 3.50 -0.700 -2.850 0 1.018 1.464 0.0011 -0.6728
1776177110.2855134 0 0.735 0.271 1.444 31 3.00 3.50 -0.700 -2.850 0 1.018 1.444 0.0012 -0.6936
1776177110.3042996 0 0.735 0.271 1.430 31 3.00 3.50 -0.700 -2.850 0 1.018 1.430 0.0011 -0.7074
1776177110.3546112 0 0.735 0.271 1.394 31 3.00 3.50 -0.700 -2.850 0 1.018 1.394 0.0012 -0.7431
1776177110.385948 0 0.735 0.270 1.373 31 3.00 3.50 -0.700 -2.850 0 1.018 1.373 0.0011 -0.7638
1776177110.4042392 0 0.735 0.271 1.358 31 3.00 3.50 -0.700 -2.850 0 1.018 1.358 0.0012 -0.7788
% 1776177110.4356523 robobot/cmd/ti alive 2026-04-14 16:31:30.374114
1776177110.4547691 0 0.735 0.270 1.323 31 3.00 3.50 -0.700 -2.850 0 1.018 1.323 0.0010 -0.8145
1776177110.486047 0 0.735 0.271 1.303 31 3.00 3.50 -0.700 -2.850 0 1.018 1.303 0.0011 -0.8341
1776177110.5050628 0 0.735 0.271 1.287 31 3.00 3.50 -0.700 -2.850 0 1.018 1.287 0.0012 -0.8502
1776177110.5552049 0 0.735 0.271 1.250 31 3.00 3.50 -0.700 -2.850 0 1.018 1.250 0.0010 -0.8871
1776177110.5864441 0 0.735 0.271 1.228 31 3.00 3.50 -0.700 -2.850 0 1.018 1.228 0.0010 -0.9090
1776177110.6052418 0 0.735 0.271 1.213 31 3.00 3.50 -0.700 -2.850 0 1.018 1.213 0.0009 -0.9240
1776177110.6552534 0 0.735 0.271 1.177 31 3.00 3.50 -0.700 -2.850 0 1.018 1.177 0.0008 -0.9597
1776177110.6862524 0 0.735 0.271 1.153 31 3.00 3.50 -0.700 -2.850 0 1.018 1.153 0.0007 -0.9839
1776177110.7056146 0 0.736 0.271 1.142 31 3.00 3.50 -0.700 -2.850 0 1.018 1.142 0.0008 -0.9954
1776177110.7556288 0 0.735 0.271 1.106 31 3.00 3.50 -0.700 -2.850 0 1.018 1.106 0.0009 -1.0311
1776177110.7868032 0 0.736 0.271 1.084 31 3.00 3.50 -0.700 -2.850 0 1.018 1.084 0.0008 -1.0530
1776177110.8056016 0 0.735 0.271 1.069 31 3.00 3.50 -0.700 -2.850 0 1.018 1.069 0.0009 -1.0680
1776177110.855848 0 0.735 0.271 1.032 31 3.00 3.50 -0.700 -2.850 0 1.018 1.032 0.0006 -1.1048
1776177110.8861914 0 0.736 0.271 1.010 31 3.00 3.50 -0.700 -2.850 0 1.018 1.010 0.0008 -1.1267
1776177110.9050605 0 0.735 0.271 0.995 31 3.00 3.50 -0.700 -2.850 0 1.018 0.995 0.0006 -1.1417
% 1776177110.9371696 robobot/cmd/ti alive 2026-04-14 16:31:30.374114
1776177110.9559457 0 0.736 0.271 0.960 31 3.00 3.50 -0.700 -2.850 0 1.018 0.960 0.0006 -1.1774
1776177110.986257 0 0.736 0.271 0.939 31 3.00 3.50 -0.700 -2.850 0 1.018 0.939 0.0007 -1.1982
1776177111.0053122 0 0.736 0.271 0.924 31 3.00 3.50 -0.700 -2.850 0 1.018 0.924 0.0006 -1.2131
1776177111.055594 0 0.736 0.271 0.889 31 3.00 3.50 -0.700 -2.850 0 1.018 0.889 0.0007 -1.2477
1776177111.0868893 0 0.736 0.271 0.868 31 3.00 3.50 -0.700 -2.850 0 1.018 0.868 0.0005 -1.2696
1776177111.1051335 0 0.736 0.271 0.853 31 3.00 3.50 -0.700 -2.850 0 1.018 0.853 0.0006 -1.2846
1776177111.1550992 0 0.736 0.271 0.818 31 3.00 3.50 -0.700 -2.850 0 1.018 0.818 0.0008 -1.3191
1776177111.1864915 0 0.736 0.271 0.796 31 3.00 3.50 -0.700 -2.850 0 1.018 0.796 0.0005 -1.3410
1776177111.2053325 0 0.736 0.271 0.782 31 3.00 3.50 -0.700 -2.850 0 1.018 0.782 0.0006 -1.3548
1776177111.255786 0 0.736 0.271 0.742 31 3.00 3.50 -0.700 -2.850 0 1.018 0.742 0.0007 -1.3952
1776177111.2870774 0 0.736 0.271 0.722 31 3.00 3.50 -0.700 -2.850 0 1.018 0.722 0.0006 -1.4147
1776177111.3060615 0 0.736 0.271 0.707 31 3.00 3.50 -0.700 -2.850 0 1.018 0.707 0.0005 -1.4297
1776177111.3561323 0 0.736 0.271 0.672 31 3.00 3.50 -0.700 -2.850 0 1.018 0.672 0.0005 -1.4654
1776177111.38621 0 0.736 0.271 0.647 31 3.00 3.50 -0.700 -2.850 0 1.018 0.647 0.0007 -1.4896
1776177111.4062905 0 0.736 0.271 0.634 31 3.00 3.50 -0.700 -2.850 0 1.018 0.634 0.0005 -1.5035
% 1776177111.4391265 robobot/cmd/ti alive 2026-04-14 16:31:30.374114
1776177111.4567225 0 0.736 0.271 0.597 31 3.00 3.50 -0.700 -2.850 0 1.018 0.597 0.0007 -1.5403
1776177111.4869366 0 0.736 0.271 0.576 31 3.00 3.50 -0.700 -2.850 0 1.018 0.576 0.0007 -1.5611
1776177111.5068793 0 0.736 0.271 0.561 31 3.00 3.50 -0.700 -2.850 0 1.018 0.561 0.0006 -1.5760
1776177111.556568 0 0.736 0.271 0.525 31 3.00 3.50 -0.700 -2.850 0 1.018 0.525 0.0007 -1.6118
1776177111.5869603 0 0.736 0.271 0.506 31 3.00 3.50 -0.700 -2.850 0 1.018 0.506 0.0008 -1.6313
1776177111.6062975 0 0.736 0.271 0.491 31 3.00 3.50 -0.700 -2.850 0 1.018 0.491 0.0009 -1.6463
1776177111.6566198 0 0.736 0.271 0.455 31 3.00 3.50 -0.700 -2.850 0 1.018 0.455 0.0008 -1.6820
1776177111.6873438 0 0.736 0.271 0.432 31 3.00 3.50 -0.700 -2.850 0 1.018 0.432 0.0008 -1.7051
1776177111.7066386 0 0.736 0.271 0.420 31 3.00 3.50 -0.700 -2.850 0 1.018 0.420 0.0008 -1.7166
1776177111.7562125 0 0.736 0.271 0.383 31 3.00 3.50 -0.700 -2.850 0 1.018 0.383 0.0007 -1.7546
1776177111.7866223 0 0.736 0.271 0.359 31 3.00 3.50 -0.700 -2.850 0 1.018 0.359 0.0007 -1.7777
1776177111.8064947 0 0.736 0.271 0.346 31 3.00 3.50 -0.700 -2.850 0 1.018 0.346 0.0006 -1.7915
1776177111.857254 0 0.736 0.271 0.309 31 3.00 3.50 -0.700 -2.850 0 1.018 0.309 0.0006 -1.8283
1776177111.8870869 0 0.736 0.271 0.287 31 3.00 3.50 -0.700 -2.850 0 1.018 0.287 0.0007 -1.8502
1776177111.9071355 0 0.736 0.271 0.271 31 3.00 3.50 -0.700 -2.850 0 1.018 0.271 0.0007 -1.8664
% 1776177111.940419 robobot/cmd/ti alive 2026-04-14 16:31:30.374114
1776177111.957533 0 0.736 0.271 0.235 31 3.00 3.50 -0.700 -2.850 0 1.018 0.235 0.0005 -1.9021
1776177111.9866583 0 0.736 0.271 0.215 31 3.00 3.50 -0.700 -2.850 0 1.018 0.215 0.0005 -1.9217
1776177112.0073767 0 0.736 0.271 0.201 31 3.00 3.50 -0.700 -2.850 0 1.018 0.201 0.0004 -1.9366
1776177112.057696 0 0.736 0.271 0.168 31 3.00 3.50 -0.700 -2.850 0 1.018 0.168 0.0003 -1.9689
1776177112.0871513 0 0.736 0.271 0.146 31 3.00 3.50 -0.700 -2.850 0 1.018 0.146 0.0003 -1.9908
1776177112.1071954 0 0.736 0.271 0.130 31 3.00 3.50 -0.700 -2.850 0 1.018 0.130 0.0004 -2.0069
1776177112.1574118 0 0.735 0.271 0.095 31 3.00 3.50 -0.700 -2.850 0 1.018 0.095 0.0002 -2.0426
1776177112.1872873 0 0.736 0.271 0.076 31 3.00 3.50 -0.700 -2.850 0 1.017 0.076 0.0002 -2.0611
1776177112.2077222 0 0.736 0.271 0.056 31 3.00 3.50 -0.700 -2.850 0 1.017 0.056 0.0001 -2.0807
% 1776177112.239964 robobot/cmd/ti rc 0.000 0.000
% 1776177112.2401433 robobot/cmd/ti rc 0.18 0.00
1776177112.2576206 0 0.736 0.271 0.022 31 3.00 3.50 -0.700 -2.850 0 1.017 0.022 0.0001 -2.1152
1776177112.2871394 0 0.739 0.271 0.016 31 3.00 3.50 -0.700 -2.850 0 1.020 0.016 0.0028 -2.1210
1776177112.307457 0 0.740 0.271 0.002 31 3.00 3.50 -0.700 -2.850 0 1.022 0.002 0.0044 -2.1348
1776177112.3572776 0 0.746 0.271 -0.011 31 3.00 3.50 -0.700 -2.850 0 1.026 -0.011 0.0092 -2.1486
1776177112.3873475 0 0.750 0.271 -0.017 31 3.00 3.50 -0.700 -2.850 0 1.031 -0.017 0.0141 -2.1544
1776177112.40728 0 0.754 0.271 -0.017 31 3.00 3.50 -0.700 -2.850 0 1.035 -0.017 0.0181 -2.1544
% 1776177112.4416816 robobot/cmd/ti alive 2026-04-14 16:31:30.374114
1776177112.4579358 0 0.763 0.271 -0.020 31 3.00 3.50 -0.700 -2.850 0 1.044 -0.020 0.0267 -2.1567
1776177112.486921 0 0.769 0.271 -0.021 31 3.00 3.50 -0.700 -2.850 0 1.050 -0.021 0.0330 -2.1578
1776177112.5077863 0 0.773 0.271 -0.022 31 3.00 3.50 -0.700 -2.850 0 1.053 -0.022 0.0360 -2.1590
1776177112.5576065 0 0.783 0.271 -0.025 31 3.00 3.50 -0.700 -2.850 0 1.062 -0.025 0.0451 -2.1625
1776177112.5865436 0 0.787 0.270 -0.029 31 3.00 3.50 -0.700 -2.850 0 1.069 -0.029 0.0512 -2.1659
1776177112.608237 0 0.792 0.270 -0.031 31 3.00 3.50 -0.700 -2.850 0 1.073 -0.031 0.0558 -2.1682
1776177112.6582816 0 0.802 0.270 -0.039 31 3.00 3.50 -0.700 -2.850 0 1.082 -0.039 0.0650 -2.1763
1776177112.687405 0 0.806 0.270 -0.040 31 3.00 3.50 -0.700 -2.850 0 1.088 -0.040 0.0711 -2.1774
1776177112.7087207 0 0.811 0.270 -0.043 31 3.00 3.50 -0.700 -2.850 0 1.091 -0.043 0.0741 -2.1797
1776177112.758017 0 0.820 0.269 -0.045 31 3.00 3.50 -0.700 -2.850 0 1.100 -0.045 0.0829 -2.1820
1776177112.7869158 0 0.825 0.269 -0.046 31 3.00 3.50 -0.700 -2.850 0 1.106 -0.046 0.0888 -2.1832
1776177112.8082378 0 0.830 0.269 -0.045 31 3.00 3.50 -0.700 -2.850 0 1.110 -0.045 0.0931 -2.1820
1776177112.857952 0 0.839 0.268 -0.046 31 3.00 3.50 -0.700 -2.850 0 1.119 -0.046 0.1018 -2.1832
1776177112.8869693 0 0.843 0.268 -0.045 31 3.00 3.50 -0.700 -2.850 0 1.125 -0.045 0.1076 -2.1820
1776177112.9083624 0 0.848 0.268 -0.044 31 3.00 3.50 -0.700 -2.850 0 1.128 -0.044 0.1105 -2.1809
% 1776177112.9427547 robobot/cmd/ti alive 2026-04-14 16:31:30.374114
1776177112.9585888 0 0.857 0.267 -0.044 31 3.00 3.50 -0.700 -2.850 0 1.137 -0.044 0.1194 -2.1809
1776177112.9868252 0 0.861 0.267 -0.042 31 3.00 3.50 -0.700 -2.850 3 1.143 -0.042 0.1252 -2.1786
1776177113.0080624 0 0.866 0.267 -0.043 31 3.00 3.50 -0.700 -2.850 5 1.147 -0.043 0.1295 -2.1797
% 1776177113.0423467 robobot/cmd/ti rc 0.18 0.00
% 1776177113.0426419 robobot/cmd/ti rc 0.18 0.00
1776177113.0588567 0 0.875 0.267 -0.042 31 2.00 3.50 -0.700 -2.850 10 1.156 -0.042 0.1383 -2.1786
1776177113.0867293 0 0.879 0.267 -0.040 31 1.00 3.50 -0.700 -2.850 13 1.161 -0.040 0.1440 -2.1774
% 1776177113.0930626 robobot/cmd/ti rc 0.18 0.00
1776177113.1079767 0 0.884 0.266 -0.040 31 1.00 3.50 -0.700 -2.850 15 1.164 -0.040 0.1469 -2.1774
% 1776177113.1434867 robobot/cmd/ti rc 0.18 0.00
1776177113.1582532 0 0.893 0.266 -0.039 31 0.00 3.50 -0.700 -2.850 20 1.173 -0.039 0.1556 -2.1763
1776177113.1872818 0 0.897 0.266 -0.039 31 -1.00 3.00 -0.700 -2.850 20 1.179 -0.039 0.1613 -2.1763
% 1776177113.1939037 robobot/cmd/ti rc 0.18 0.00
1776177113.2084496 0 0.902 0.266 -0.039 31 -1.00 2.00 -0.700 -2.850 20 1.183 -0.039 0.1656 -2.1763
% 1776177113.2443526 robobot/cmd/ti rc 0.18 0.00
1776177113.2587967 0 0.911 0.265 -0.039 31 -2.00 2.00 -0.700 -2.850 20 1.191 -0.039 0.1742 -2.1763
1776177113.2869458 0 0.915 0.265 -0.039 31 -3.00 1.00 -0.700 -2.850 20 1.197 -0.039 0.1798 -2.1763
% 1776177113.294788 robobot/cmd/ti rc 0.18 0.00
1776177113.3093178 0 0.920 0.265 -0.039 31 -3.50 1.00 -0.700 -2.850 20 1.200 -0.039 0.1828 -2.1763
% 1776177113.3452754 robobot/cmd/ti rc 0.18 0.00
1776177113.3598387 0 0.929 0.265 -0.038 31 -3.50 0.00 -0.700 -2.850 20 1.210 -0.038 0.1928 -2.1751
1776177113.3876753 0 0.933 0.264 -0.036 31 -3.50 -1.00 -0.700 -2.850 20 1.214 -0.036 0.1970 -2.1728
% 1776177113.395648 robobot/cmd/ti rc 0.18 0.00
1776177113.4090042 0 0.938 0.264 -0.037 31 -3.50 -1.00 -0.700 -2.850 20 1.219 -0.037 0.2012 -2.1740
% 1776177113.4439516 robobot/cmd/ti alive 2026-04-14 16:31:30.374114
% 1776177113.4459882 robobot/cmd/ti rc 0.18 0.00
1776177113.459173 0 0.947 0.264 -0.037 31 -3.50 -2.00 -0.700 -2.850 20 1.227 -0.037 0.2098 -2.1740
1776177113.4874923 0 0.951 0.264 -0.037 31 -3.50 -3.00 -0.700 -2.850 20 1.233 -0.037 0.2156 -2.1740
% 1776177113.496363 robobot/cmd/ti rc 0.18 0.00
1776177113.5098672 0 0.956 0.264 -0.037 31 -3.50 -3.00 -0.700 -2.850 20 1.236 -0.037 0.2185 -2.1740
% 1776177113.5467103 robobot/cmd/ti rc 0.18 0.00
1776177113.5592527 0 0.964 0.263 -0.037 31 -3.50 -3.00 -0.700 -2.850 15 1.246 -0.037 0.2286 -2.1740
1776177113.587373 0 0.969 0.263 -0.036 31 -3.50 -3.00 -0.700 -2.850 12 1.250 -0.036 0.2326 -2.1728
% 1776177113.597011 robobot/cmd/ti rc 0.18 0.00
1776177113.6096945 0 0.973 0.263 -0.035 31 -3.50 -3.00 -0.700 -2.850 10 1.254 -0.035 0.2368 -2.1717
% 1776177113.6480405 robobot/cmd/ti rc 0.18 0.00
1776177113.6594818 0 0.982 0.263 -0.032 31 -3.50 -3.00 -0.700 -2.850 5 1.262 -0.032 0.2450 -2.1694
1776177113.687371 0 0.986 0.263 -0.032 31 -3.50 -3.00 -0.700 -2.850 2 1.268 -0.032 0.2507 -2.1694
% 1776177113.6986 robobot/cmd/ti rc 0.2 -0.4
1776177113.7095435 0 0.991 0.262 -0.030 31 -3.50 -3.00 -0.700 -2.850 0 1.271 -0.030 0.2534 -2.1671
% 1776177113.7490125 robobot/cmd/ti rc 0.2 -0.4
1776177113.7596319 0 1.001 0.262 -0.039 31 -3.50 -3.00 -0.700 -2.850 0 1.282 -0.039 0.2646 -2.1763
1776177113.78724 0 1.006 0.262 -0.045 31 -3.50 -3.00 -0.700 -2.850 0 1.286 -0.045 0.2691 -2.1820
% 1776177113.7994046 robobot/cmd/ti rc 0.2 -0.4
1776177113.8097472 0 1.010 0.262 -0.048 31 -3.50 -3.00 -0.700 -2.850 0 1.291 -0.048 0.2739 -2.1855
% 1776177113.8498652 robobot/cmd/ti rc 0.2 -0.4
1776177113.8593068 0 1.020 0.261 -0.057 31 -3.50 -3.00 -0.700 -2.850 0 1.300 -0.057 0.2831 -2.1936
1776177113.8872366 0 1.025 0.261 -0.062 31 -3.50 -3.00 -0.700 -2.850 0 1.307 -0.062 0.2895 -2.1993
% 1776177113.9003007 robobot/cmd/ti rc 0.2 -0.4
1776177113.909472 0 1.030 0.260 -0.067 31 -3.50 -3.00 -0.700 -2.850 0 1.310 -0.067 0.2931 -2.2039
% 1776177113.9453351 robobot/cmd/ti alive 2026-04-14 16:31:30.374114
% 1776177113.9509215 robobot/cmd/ti rc 0.2 -0.4
1776177113.9597545 0 1.041 0.260 -0.078 31 -3.50 -3.00 -0.700 -2.850 0 1.322 -0.078 0.3051 -2.2154
1776177113.987562 0 1.046 0.259 -0.084 31 -3.50 -3.00 -0.700 -2.850 0 1.327 -0.084 0.3100 -2.2212
% 1776177114.001326 robobot/cmd/ti rc 0.2 -0.4
1776177114.0100563 0 1.052 0.259 -0.092 31 -3.50 -3.00 -0.700 -2.850 0 1.332 -0.092 0.3151 -2.2293
% 1776177114.0517256 robobot/cmd/ti rc 0.2 -0.4
1776177114.0601635 0 1.062 0.258 -0.110 31 -3.50 -3.00 -0.700 -2.850 0 1.342 -0.110 0.3248 -2.2466
1776177114.087447 0 1.067 0.257 -0.119 31 -3.50 -3.00 -0.700 -2.850 0 1.348 -0.119 0.3312 -2.2558
% 1776177114.1021028 robobot/cmd/ti rc 0.2 -0.4
1776177114.110517 0 1.072 0.257 -0.128 31 -3.50 -3.00 -0.700 -2.850 0 1.352 -0.128 0.3345 -2.2650
% 1776177114.1526573 robobot/cmd/ti rc 0.2 -0.4
1776177114.1606674 0 1.082 0.255 -0.145 31 -3.50 -3.00 -0.700 -2.850 0 1.363 -0.145 0.3457 -2.2823
1776177114.1875284 0 1.086 0.255 -0.155 31 -3.50 -3.00 -0.700 -2.850 0 1.368 -0.155 0.3503 -2.2926
% 1776177114.2031229 robobot/cmd/ti rc 0.2 -0.4
1776177114.210893 0 1.091 0.254 -0.165 31 -3.50 -3.00 -0.700 -2.850 0 1.372 -0.165 0.3552 -2.3019
% 1776177114.2535293 robobot/cmd/ti rc 0.2 -0.4
1776177114.2606564 0 1.101 0.252 -0.187 31 -3.50 -3.00 -0.700 -2.850 0 1.382 -0.187 0.3649 -2.3237
1776177114.287712 0 1.106 0.251 -0.196 31 -3.50 -3.00 -0.700 -2.850 0 1.389 -0.196 0.3713 -2.3330
% 1776177114.3039105 robobot/cmd/ti rc 0.2 -0.4
1776177114.310282 0 1.111 0.250 -0.207 31 -3.50 -3.00 -0.700 -2.850 0 1.392 -0.207 0.3745 -2.3445
% 1776177114.3543046 robobot/cmd/ti rc 0.2 -0.4
1776177114.36089 0 1.121 0.248 -0.226 31 -3.50 -3.00 -0.700 -2.850 0 1.403 -0.226 0.3857 -2.3629
1776177114.3876634 0 1.126 0.247 -0.235 31 -3.50 -3.00 -0.700 -2.850 0 1.408 -0.235 0.3904 -2.3721
% 1776177114.404639 robobot/cmd/ti rc 0.2 -0.4
1776177114.4104655 0 1.131 0.245 -0.245 31 -3.50 -3.00 -0.700 -2.850 0 1.412 -0.245 0.3952 -2.3825
% 1776177114.446644 robobot/cmd/ti alive 2026-04-14 16:31:30.374114
% 1776177114.45493 robobot/cmd/ti rc 0.2 -0.4
1776177114.4609938 0 1.140 0.243 -0.266 31 -3.50 -3.00 -0.700 -2.850 0 1.422 -0.266 0.4049 -2.4032
1776177114.4879851 0 1.145 0.242 -0.275 31 -3.50 -3.00 -0.700 -2.850 0 1.429 -0.275 0.4113 -2.4125
% 1776177114.5052288 robobot/cmd/ti rc 0.2 -0.4
1776177114.5104446 0 1.150 0.240 -0.286 31 -3.50 -3.00 -0.700 -2.850 0 1.432 -0.286 0.4144 -2.4228
% 1776177114.555687 robobot/cmd/ti rc 0.2 -0.4
1776177114.5604346 0 1.159 0.237 -0.306 31 -3.50 -3.00 -0.700 -2.850 0 1.443 -0.306 0.4254 -2.4436
1776177114.588159 0 1.164 0.236 -0.317 31 -3.50 -3.00 -0.700 -2.850 0 1.447 -0.317 0.4301 -2.4539
% 1776177114.6059728 robobot/cmd/ti rc 0.2 -0.4
1776177114.610748 0 1.169 0.234 -0.327 31 -3.50 -3.00 -0.700 -2.850 0 1.452 -0.327 0.4348 -2.4643
% 1776177114.6563036 robobot/cmd/ti rc 0.2 -0.4
1776177114.6617427 0 1.178 0.231 -0.344 31 -3.50 -3.00 -0.700 -2.850 0 1.461 -0.344 0.4441 -2.4816
1776177114.68778 0 1.183 0.229 -0.355 31 -3.50 -3.00 -0.700 -2.850 0 1.468 -0.355 0.4505 -2.4920
% 1776177114.7065842 robobot/cmd/ti rc 0.2 -0.4
1776177114.711276 0 1.187 0.228 -0.364 31 -3.50 -3.00 -0.700 -2.850 0 1.471 -0.364 0.4537 -2.5012
% 1776177114.7568521 robobot/cmd/ti rc 0.2 -0.4
1776177114.7615035 0 1.196 0.224 -0.384 31 -3.50 -3.00 -0.700 -2.850 0 1.482 -0.384 0.4651 -2.5208
1776177114.788407 0 1.201 0.222 -0.394 31 -3.50 -3.00 -0.700 -2.850 0 1.487 -0.394 0.4699 -2.5311
% 1776177114.8071134 robobot/cmd/ti rc 0.2 -0.4
1776177114.8108692 0 1.206 0.220 -0.403 31 3.00 3.50 -0.700 -2.850 1 1.492 -0.403 0.4746 -2.5403
% 1776177114.8574126 robobot/cmd/ti rc 0.0 0.0
% 1776177114.858368 robobot/cmd/ti rc 0.100 -4.000 1776177114.8582382
1776177114.8615599 0 1.215 0.216 -0.425 31 3.00 3.50 -2.100 -4.000 6 1.502 -0.425 0.4847 -2.5622
% 1776177114.8683853 robobot/cmd/ti rc 0.100 -3.633 1776177114.868239
% 1776177114.878489 robobot/cmd/ti rc 0.100 -3.338 1776177114.8783236
% 1776177114.8887117 robobot/cmd/ti rc 0.100 -3.099 1776177114.8885484
1776177114.8887358 0 1.219 0.214 -0.463 31 3.00 3.50 -2.100 -3.099 9 1.507 -0.463 0.4901 -2.6002
% 1776177114.899212 robobot/cmd/ti rc 0.100 4.000 1776177114.8988605
% 1776177114.908393 robobot/cmd/ti rc 0.100 2.958 1776177114.9082143
1776177114.9111881 0 1.222 0.213 -0.498 31 2.00 3.50 -1.400 2.958 11 1.510 -0.498 0.4922 -2.6348
% 1776177114.9188032 robobot/cmd/ti rc 0.100 2.118 1776177114.9184194
% 1776177114.930248 robobot/cmd/ti rc 0.100 1.439 1776177114.9298809
% 1776177114.9389787 robobot/cmd/ti rc 0.100 0.891 1776177114.9383092
% 1776177114.947905 robobot/cmd/ti alive 2026-04-14 16:31:30.374114
% 1776177114.94849 robobot/cmd/ti rc 0.100 0.449 1776177114.9482179
% 1776177114.958616 robobot/cmd/ti rc 0.100 0.093 1776177114.958343
1776177114.9616606 0 1.228 0.209 -0.477 31 2.00 3.50 -1.400 0.093 16 1.517 -0.477 0.5000 -2.6141
% 1776177114.9688787 robobot/cmd/ti rc 0.100 -0.195 1776177114.9685864
% 1776177114.9791286 robobot/cmd/ti rc 0.100 -0.428 1776177114.9788156
% 1776177114.9890106 robobot/cmd/ti rc 0.100 -0.615 1776177114.9888513
1776177114.9890327 0 1.231 0.208 -0.480 31 2.00 3.50 -1.400 -0.615 19 1.520 -0.480 0.5026 -2.6175
% 1776177114.9991226 robobot/cmd/ti rc 0.100 -0.767 1776177114.998795
% 1776177115.008319 robobot/cmd/ti rc 0.100 -0.889 1776177115.0080307
1776177115.01115 0 1.233 0.207 -0.488 31 2.00 3.50 -1.400 -0.889 20 1.523 -0.488 0.5052 -2.6256
% 1776177115.0186882 robobot/cmd/ti rc 0.100 -0.987 1776177115.0183818
% 1776177115.0289428 robobot/cmd/ti rc 0.100 -1.067 1776177115.0286279
% 1776177115.0393126 robobot/cmd/ti rc 0.100 -1.131 1776177115.0388477
% 1776177115.0484457 robobot/cmd/ti rc 0.100 -1.183 1776177115.0482643
% 1776177115.0584261 robobot/cmd/ti rc 0.100 -1.225 1776177115.0582662
1776177115.0615883 0 1.236 0.205 -0.526 31 2.00 3.50 -1.400 -1.225 20 1.527 -0.526 0.5098 -2.6636
% 1776177115.068519 robobot/cmd/ti rc 0.100 -1.259 1776177115.0683606
% 1776177115.0789135 robobot/cmd/ti rc 0.100 -1.286 1776177115.0786078
% 1776177115.0881705 robobot/cmd/ti rc 0.100 -1.308 1776177115.0880134
1776177115.0881972 0 1.238 0.204 -0.544 31 2.00 3.50 -1.400 -1.308 20 1.530 -0.544 0.5125 -2.6809
% 1776177115.0983596 robobot/cmd/ti rc 0.100 -1.326 1776177115.098156
% 1776177115.1084402 robobot/cmd/ti rc 0.100 4.000 1776177115.1082869
1776177115.111845 0 1.240 0.203 -0.562 31 1.00 3.50 -0.700 4.000 20 1.531 -0.562 0.5138 -2.6993
% 1776177115.118688 robobot/cmd/ti rc 0.100 3.093 1776177115.1185346
% 1776177115.1290402 robobot/cmd/ti rc 0.100 2.362 1776177115.1287615
% 1776177115.1381018 robobot/cmd/ti rc 0.100 1.771 1776177115.1379406
% 1776177115.1482801 robobot/cmd/ti rc 0.100 1.294 1776177115.1481366
% 1776177115.158342 robobot/cmd/ti rc 0.100 0.910 1776177115.1581986
1776177115.16158 0 1.244 0.200 -0.525 31 1.00 3.50 -0.700 0.910 20 1.536 -0.525 0.5192 -2.6625
% 1776177115.168474 robobot/cmd/ti rc 0.100 0.599 1776177115.1683118
% 1776177115.1786313 robobot/cmd/ti rc 0.100 0.348 1776177115.1784794
% 1776177115.1888163 robobot/cmd/ti rc 0.100 0.146 1776177115.1886542
1776177115.1888387 0 1.246 0.199 -0.513 31 1.00 3.50 -0.700 0.146 20 1.539 -0.513 0.5217 -2.6498
% 1776177115.1989982 robobot/cmd/ti rc 0.100 -0.017 1776177115.1988091
% 1776177115.2091086 robobot/cmd/ti rc 0.100 -0.149 1776177115.2089605
1776177115.212223 0 1.248 0.198 -0.500 31 1.00 3.50 -0.700 -0.149 20 1.541 -0.500 0.5238 -2.6371
% 1776177115.2182026 robobot/cmd/ti rc 0.100 -0.255 1776177115.2180314
% 1776177115.2283733 robobot/cmd/ti rc 0.100 -0.341 1776177115.2282062
% 1776177115.2388532 robobot/cmd/ti rc 0.100 -0.410 1776177115.2386942
% 1776177115.2489867 robobot/cmd/ti rc 0.100 -0.466 1776177115.2488115
% 1776177115.2581317 robobot/cmd/ti rc 0.100 4.000 1776177115.2579596
1776177115.26248 0 1.252 0.196 -0.497 31 0.00 3.00 0.000 4.000 20 1.545 -0.497 0.5279 -2.6337
% 1776177115.2683277 robobot/cmd/ti rc 0.100 3.228 1776177115.268163
% 1776177115.2784762 robobot/cmd/ti rc 0.100 2.606 1776177115.2783153
% 1776177115.288607 robobot/cmd/ti rc 0.100 2.103 1776177115.2884426
1776177115.2886293 0 1.253 0.195 -0.464 31 0.00 3.00 0.000 2.103 20 1.548 -0.464 0.5308 -2.6014
% 1776177115.2987816 robobot/cmd/ti rc 0.100 1.697 1776177115.2985573
% 1776177115.3089046 robobot/cmd/ti rc 0.100 1.370 1776177115.3087454
1776177115.3119938 0 1.256 0.194 -0.438 31 0.00 3.00 0.000 1.370 20 1.550 -0.438 0.5327 -2.5749
% 1776177115.3189077 robobot/cmd/ti rc 0.100 1.106 1776177115.3187416
% 1776177115.3292794 robobot/cmd/ti rc 0.100 0.892 1776177115.329077
% 1776177115.3382664 robobot/cmd/ti rc 0.100 0.720 1776177115.338101
% 1776177115.3490129 robobot/cmd/ti rc 0.100 0.581 1776177115.3481996
% 1776177115.358411 robobot/cmd/ti rc 0.100 0.469 1776177115.358263
1776177115.3628285 0 1.261 0.192 -0.393 31 0.00 3.00 0.000 0.469 20 1.556 -0.393 0.5382 -2.5300
% 1776177115.3685632 robobot/cmd/ti rc 0.100 0.379 1776177115.368406
% 1776177115.378688 robobot/cmd/ti rc 0.100 0.306 1776177115.3785374
% 1776177115.388928 robobot/cmd/ti rc 0.100 0.247 1776177115.3887317
1776177115.3889542 0 1.263 0.191 -0.372 31 0.00 2.00 0.000 0.247 20 1.558 -0.372 0.5407 -2.5092
% 1776177115.3988585 robobot/cmd/ti rc 0.100 0.199 1776177115.3986876
% 1776177115.4089074 robobot/cmd/ti rc 0.100 0.161 1776177115.4087555
1776177115.4121711 0 1.266 0.190 -0.351 31 0.00 2.00 0.000 0.161 20 1.560 -0.351 0.5432 -2.4885
% 1776177115.4191124 robobot/cmd/ti rc 0.100 0.130 1776177115.4189272
% 1776177115.428311 robobot/cmd/ti rc 0.100 0.105 1776177115.4281058
% 1776177115.4391892 robobot/cmd/ti rc 0.100 0.084 1776177115.4387302
% 1776177115.4488957 robobot/cmd/ti rc 0.100 0.068 1776177115.44865
% 1776177115.44943 robobot/cmd/ti alive 2026-04-14 16:31:30.374114
% 1776177115.4587982 robobot/cmd/ti rc 0.100 0.055 1776177115.458577
1776177115.4618921 0 1.271 0.188 -0.320 31 0.00 2.00 0.000 0.055 20 1.565 -0.320 0.5476 -2.4574
% 1776177115.4687908 robobot/cmd/ti rc 0.100 0.044 1776177115.4686184
% 1776177115.4789462 robobot/cmd/ti rc 0.100 0.036 1776177115.4787211
% 1776177115.4890475 robobot/cmd/ti rc 0.100 4.000 1776177115.4888866
1776177115.4890695 0 1.274 0.187 -0.318 31 -1.00 2.00 0.700 4.000 20 1.569 -0.318 0.5515 -2.4551
% 1776177115.4991603 robobot/cmd/ti rc 0.100 3.363 1776177115.4989922
% 1776177115.5082226 robobot/cmd/ti rc 0.100 2.850 1776177115.508009
1776177115.512465 0 1.277 0.186 -0.294 31 -1.00 2.00 0.700 2.850 20 1.572 -0.294 0.5547 -2.4309
% 1776177115.519298 robobot/cmd/ti rc 0.100 2.435 1776177115.5189753
% 1776177115.528491 robobot/cmd/ti rc 0.100 2.100 1776177115.5283484
% 1776177115.5383463 robobot/cmd/ti rc 0.100 1.830 1776177115.5380685
% 1776177115.5483458 robobot/cmd/ti rc 0.100 1.612 1776177115.5481033
% 1776177115.5584426 robobot/cmd/ti rc 0.100 1.436 1776177115.5581763
1776177115.562628 0 1.282 0.185 -0.222 31 -1.00 1.00 0.700 1.436 20 1.577 -0.222 0.5597 -2.3595
% 1776177115.5684974 robobot/cmd/ti rc 0.100 1.294 1776177115.5682616
% 1776177115.5786695 robobot/cmd/ti rc 0.100 1.180 1776177115.5783405
% 1776177115.5884979 robobot/cmd/ti rc 0.100 1.087 1776177115.5882912
1776177115.5885224 0 1.285 0.184 -0.189 31 -1.00 1.00 0.700 1.087 20 1.580 -0.189 0.5622 -2.3260
% 1776177115.5986521 robobot/cmd/ti rc 0.100 1.012 1776177115.5983071
% 1776177115.6086957 robobot/cmd/ti rc 0.100 0.952 1776177115.6085207
1776177115.6127753 0 1.287 0.184 -0.152 31 -1.00 1.00 0.700 0.952 20 1.582 -0.152 0.5649 -2.2892
% 1776177115.6186876 robobot/cmd/ti rc 0.100 0.903 1776177115.6185255
% 1776177115.6289437 robobot/cmd/ti rc 0.100 0.864 1776177115.6287813
% 1776177115.6398566 robobot/cmd/ti rc 0.100 0.833 1776177115.6395864
% 1776177115.6491442 robobot/cmd/ti rc 0.100 0.807 1776177115.6489303
% 1776177115.6589837 robobot/cmd/ti rc 0.100 0.786 1776177115.6588051
1776177115.66232 0 1.293 0.183 -0.095 31 -1.00 1.00 0.700 0.786 20 1.587 -0.095 0.5698 -2.2316
% 1776177115.6691823 robobot/cmd/ti rc 0.100 0.770 1776177115.668994
% 1776177115.6787624 robobot/cmd/ti rc 0.100 0.756 1776177115.6785536
% 1776177115.6891043 robobot/cmd/ti rc 0.100 0.745 1776177115.6889362
1776177115.6891286 0 1.296 0.183 -0.068 31 -1.00 1.00 0.700 0.745 20 1.591 -0.068 0.5733 -2.2051
% 1776177115.6993468 robobot/cmd/ti rc 0.100 0.737 1776177115.6991634
% 1776177115.709366 robobot/cmd/ti rc 0.100 0.730 1776177115.7092009
1776177115.7126932 0 1.299 0.183 -0.045 31 -1.00 1.00 0.700 0.730 20 1.593 -0.045 0.5759 -2.1820
% 1776177115.7192347 robobot/cmd/ti rc 0.100 0.724 1776177115.719099
% 1776177115.7283394 robobot/cmd/ti rc 0.100 0.719 1776177115.7282035
% 1776177115.7382467 robobot/cmd/ti rc 0.100 0.716 1776177115.738121
% 1776177115.7482455 robobot/cmd/ti rc 0.100 0.713 1776177115.7480922
% 1776177115.7582664 robobot/cmd/ti rc 0.100 0.710 1776177115.7581117
1776177115.762559 0 1.304 0.183 -0.006 31 -1.00 1.00 0.700 0.710 20 1.597 -0.006 0.5802 -2.1429
% 1776177115.7692745 robobot/cmd/ti rc 0.100 0.708 1776177115.7691166
% 1776177115.778422 robobot/cmd/ti rc 0.100 0.707 1776177115.778249
% 1776177115.7883618 robobot/cmd/ti rc 0.100 0.705 1776177115.7882037
1776177115.7883844 0 1.306 0.183 0.014 31 -1.00 1.00 0.700 0.705 20 1.600 0.014 0.5824 -2.1233
% 1776177115.7983794 robobot/cmd/ti rc 0.100 0.704 1776177115.798224
% 1776177115.8086107 robobot/cmd/ti rc 0.100 0.703 1776177115.8083646
1776177115.8127086 0 1.308 0.183 0.032 31 -1.00 1.00 0.700 0.703 20 1.602 0.032 0.5844 -2.1048
% 1776177115.8194563 robobot/cmd/ti rc 0.100 0.703 1776177115.8184626
% 1776177115.8284664 robobot/cmd/ti rc 0.100 0.702 1776177115.8282902
% 1776177115.839565 robobot/cmd/ti rc 0.100 0.702 1776177115.838749
% 1776177115.8486707 robobot/cmd/ti rc 0.100 0.701 1776177115.8484654
% 1776177115.8588326 robobot/cmd/ti rc 0.100 0.701 1776177115.858555
1776177115.8629255 0 1.312 0.183 0.069 31 -1.00 1.00 0.700 0.701 20 1.606 0.069 0.5885 -2.0680
% 1776177115.8687482 robobot/cmd/ti rc 0.100 0.701 1776177115.8685663
% 1776177115.878845 robobot/cmd/ti rc 0.100 0.701 1776177115.8786612
% 1776177115.8888528 robobot/cmd/ti rc 0.100 0.701 1776177115.8886733
1776177115.8888752 0 1.315 0.183 0.088 31 -1.00 1.00 0.700 0.701 20 1.609 0.088 0.5914 -2.0495
% 1776177115.8991604 robobot/cmd/ti rc 0.100 0.701 1776177115.8989253
% 1776177115.9090521 robobot/cmd/ti rc 0.100 0.700 1776177115.9088676
1776177115.9132423 0 1.317 0.183 0.104 31 -1.00 1.00 0.700 0.700 20 1.611 0.104 0.5932 -2.0334
% 1776177115.9190478 robobot/cmd/ti rc 0.100 0.700 1776177115.9188771
% 1776177115.9292612 robobot/cmd/ti rc 0.100 0.700 1776177115.92909
% 1776177115.9398687 robobot/cmd/ti rc 0.100 0.700 1776177115.9390368
% 1776177115.9493752 robobot/cmd/ti rc 0.100 0.700 1776177115.9491246
% 1776177115.950554 robobot/cmd/ti alive 2026-04-14 16:31:30.374114
% 1776177115.9583695 robobot/cmd/ti rc 0.100 0.700 1776177115.958134
1776177115.9637547 0 1.322 0.184 0.133 31 -1.00 1.00 0.700 0.700 20 1.615 0.133 0.5975 -2.0046
% 1776177115.9684653 robobot/cmd/ti rc 0.100 0.700 1776177115.9681776
% 1776177115.9785635 robobot/cmd/ti rc 0.100 0.700 1776177115.9783013
% 1776177115.9886098 robobot/cmd/ti rc 0.100 0.700 1776177115.988331
1776177115.9886458 0 1.324 0.184 0.151 31 -1.00 1.00 0.700 0.700 20 1.617 0.151 0.5998 -1.9862
% 1776177115.998561 robobot/cmd/ti rc 0.100 0.700 1776177115.9983194
% 1776177116.0086675 robobot/cmd/ti rc 0.100 0.700 1776177116.0083754
1776177116.0128467 0 1.326 0.185 0.169 31 -1.00 1.00 0.700 0.700 20 1.620 0.169 0.6022 -1.9678
% 1776177116.018728 robobot/cmd/ti rc 0.100 0.700 1776177116.0184333
% 1776177116.028971 robobot/cmd/ti rc 0.100 0.700 1776177116.0286512
% 1776177116.0391045 robobot/cmd/ti rc 0.100 0.700 1776177116.0388143
% 1776177116.0491812 robobot/cmd/ti rc 0.100 0.700 1776177116.0487506
% 1776177116.0589716 robobot/cmd/ti rc 0.100 0.700 1776177116.0587041
1776177116.0630612 0 1.330 0.185 0.207 31 -1.00 1.00 0.700 0.700 20 1.624 0.207 0.6069 -1.9297
% 1776177116.0688348 robobot/cmd/ti rc 0.100 0.700 1776177116.068603
% 1776177116.0789201 robobot/cmd/ti rc 0.100 0.700 1776177116.0786946
% 1776177116.089055 robobot/cmd/ti rc 0.100 0.700 1776177116.0888069
1776177116.08914 0 1.333 0.186 0.226 31 -1.00 0.00 0.700 0.700 20 1.627 0.226 0.6098 -1.9113
% 1776177116.0990226 robobot/cmd/ti rc 0.100 0.700 1776177116.0987258
% 1776177116.1091204 robobot/cmd/ti rc 0.100 0.700 1776177116.1088345
1776177116.1133955 0 1.335 0.186 0.245 31 -1.00 0.00 0.700 0.700 20 1.629 0.245 0.6121 -1.8917
% 1776177116.1192374 robobot/cmd/ti rc 0.100 0.700 1776177116.1189597
% 1776177116.1293445 robobot/cmd/ti rc 0.100 0.700 1776177116.129121
% 1776177116.1392717 robobot/cmd/ti rc 0.100 0.700 1776177116.138978
% 1776177116.1492252 robobot/cmd/ti rc 0.100 0.700 1776177116.1489868
% 1776177116.1593277 robobot/cmd/ti rc 0.100 0.700 1776177116.1590729
1776177116.1634285 0 1.340 0.188 0.275 31 -1.00 0.00 0.700 0.700 20 1.634 0.275 0.6170 -1.8618
% 1776177116.1693428 robobot/cmd/ti rc 0.100 0.700 1776177116.1691036
% 1776177116.179353 robobot/cmd/ti rc 0.100 0.700 1776177116.179191
% 1776177116.1893654 robobot/cmd/ti rc 0.100 0.700 1776177116.1891384
1776177116.1893895 0 1.343 0.189 0.290 31 -1.00 0.00 0.700 0.700 20 1.637 0.290 0.6196 -1.8468
% 1776177116.199306 robobot/cmd/ti rc 0.100 0.700 1776177116.1990702
% 1776177116.208587 robobot/cmd/ti rc 0.100 0.700 1776177116.2082899
1776177116.2137365 0 1.345 0.189 0.306 31 -1.00 0.00 0.700 0.700 20 1.639 0.306 0.6221 -1.8307
% 1776177116.2185998 robobot/cmd/ti rc 0.100 0.700 1776177116.2183025
% 1776177116.228737 robobot/cmd/ti rc 0.100 0.700 1776177116.2285018
% 1776177116.238835 robobot/cmd/ti rc 0.100 0.700 1776177116.2384808
% 1776177116.2490265 robobot/cmd/ti rc 0.100 0.700 1776177116.2486053
% 1776177116.2589068 robobot/cmd/ti rc 0.100 0.700 1776177116.2586014
1776177116.2630258 0 1.350 0.191 0.346 31 -1.00 0.00 0.700 0.700 20 1.644 0.346 0.6272 -1.7915
% 1776177116.2690144 robobot/cmd/ti rc 0.100 0.700 1776177116.2687066
% 1776177116.2790885 robobot/cmd/ti rc 0.100 0.700 1776177116.2788153
% 1776177116.289975 robobot/cmd/ti rc 0.100 0.700 1776177116.288905
1776177116.2900023 0 1.352 0.192 0.364 31 -1.00 0.00 0.700 0.700 20 1.648 0.364 0.6303 -1.7730
% 1776177116.298993 robobot/cmd/ti rc 0.100 0.700 1776177116.2987642
% 1776177116.309002 robobot/cmd/ti rc 0.100 0.700 1776177116.308769
1776177116.3131793 0 1.354 0.193 0.374 31 -1.00 0.00 0.700 0.700 20 1.650 0.374 0.6326 -1.7627
% 1776177116.318989 robobot/cmd/ti rc 0.100 0.700 1776177116.3187587
% 1776177116.3292356 robobot/cmd/ti rc 0.100 0.700 1776177116.3289418
% 1776177116.338967 robobot/cmd/ti rc 0.100 0.700 1776177116.3387408
% 1776177116.3490255 robobot/cmd/ti rc 0.100 0.700 1776177116.3487716
% 1776177116.359298 robobot/cmd/ti rc 0.100 0.700 1776177116.3590076
1776177116.363272 0 1.359 0.195 0.407 31 -1.00 0.00 0.700 0.700 20 1.655 0.407 0.6380 -1.7304
% 1776177116.3693182 robobot/cmd/ti rc 0.100 0.700 1776177116.3689404
% 1776177116.3793013 robobot/cmd/ti rc 0.100 0.700 1776177116.378997
% 1776177116.3892798 robobot/cmd/ti rc 0.100 0.700 1776177116.3889763
1776177116.3893063 0 1.361 0.196 0.424 31 -1.00 0.00 0.700 0.700 20 1.658 0.424 0.6404 -1.7131
% 1776177116.3991337 robobot/cmd/ti rc 0.100 0.700 1776177116.398938
% 1776177116.409335 robobot/cmd/ti rc 0.100 0.700 1776177116.4091825
1776177116.413298 0 1.363 0.196 0.442 31 -1.00 0.00 0.700 0.700 20 1.660 0.442 0.6429 -1.6947
% 1776177116.4192226 robobot/cmd/ti rc 0.100 4.000 1776177116.4190505
% 1776177116.4292986 robobot/cmd/ti rc 0.100 -4.000 1776177116.429079
% 1776177116.43933 robobot/cmd/ti rc 0.100 -3.093 1776177116.4391594
% 1776177116.4495454 robobot/cmd/ti rc 0.100 -2.362 1776177116.4492586
% 1776177116.451644 robobot/cmd/ti alive 2026-04-14 16:31:30.374114
% 1776177116.4594133 robobot/cmd/ti rc 0.100 -1.771 1776177116.4591713
1776177116.4634755 0 1.368 0.199 0.433 31 -1.00 0.00 0.700 -1.771 20 1.665 0.433 0.6479 -1.7039
% 1776177116.4692743 robobot/cmd/ti rc 0.100 -1.294 1776177116.4691129
% 1776177116.47923 robobot/cmd/ti rc 0.100 4.000 1776177116.4790983
% 1776177116.48872 robobot/cmd/ti rc 0.100 3.498 1776177116.4885554
1776177116.4887445 0 1.370 0.200 0.430 31 -2.00 0.00 1.400 3.498 20 1.669 0.430 0.6513 -1.7074
% 1776177116.4987159 robobot/cmd/ti rc 0.100 3.094 1776177116.4985573
% 1776177116.5088763 robobot/cmd/ti rc 0.100 2.767 1776177116.508702
1776177116.5141885 0 1.373 0.201 0.480 31 -2.00 0.00 1.400 2.767 20 1.671 0.480 0.6538 -1.6567
% 1776177116.518905 robobot/cmd/ti rc 0.100 2.503 1776177116.518734
% 1776177116.5294082 robobot/cmd/ti rc 0.100 2.290 1776177116.5289004
% 1776177116.5391586 robobot/cmd/ti rc 0.100 2.119 1776177116.5389886
% 1776177116.548997 robobot/cmd/ti rc 0.100 -4.000 1776177116.5488384
% 1776177116.559183 robobot/cmd/ti rc 0.100 -3.093 1776177116.5590131
1776177116.563427 0 1.377 0.204 0.521 31 -1.00 0.00 0.700 -3.093 20 1.676 0.521 0.6582 -1.6164
% 1776177116.5691614 robobot/cmd/ti rc 0.100 -2.362 1776177116.5690162
% 1776177116.5793173 robobot/cmd/ti rc 0.100 -1.771 1776177116.5791645
% 1776177116.5894275 robobot/cmd/ti rc 0.100 -1.294 1776177116.589255
1776177116.589456 0 1.380 0.205 0.488 31 -1.00 0.00 0.700 -1.294 20 1.678 0.488 0.6605 -1.6486
% 1776177116.5995626 robobot/cmd/ti rc 0.100 -0.910 1776177116.5994215
% 1776177116.6116102 robobot/cmd/ti rc 0.100 4.000 1776177116.6084647
1776177116.614675 0 1.382 0.206 0.490 31 -2.00 0.00 1.400 4.000 20 1.681 0.490 0.6632 -1.6475
% 1776177116.619135 robobot/cmd/ti rc 0.100 3.498 1776177116.6188917
% 1776177116.6292782 robobot/cmd/ti rc 0.100 3.094 1776177116.6291108
% 1776177116.6409616 robobot/cmd/ti rc 0.100 2.767 1776177116.6395755
% 1776177116.6486404 robobot/cmd/ti rc 0.100 2.503 1776177116.648415
% 1776177116.6586678 robobot/cmd/ti rc 0.100 2.290 1776177116.658448
1776177116.6640298 0 1.387 0.209 0.547 31 -2.00 0.00 1.400 2.290 20 1.686 0.547 0.6683 -1.5899
% 1776177116.6687386 robobot/cmd/ti rc 0.100 2.119 1776177116.6685174
% 1776177116.6789281 robobot/cmd/ti rc 0.100 -4.000 1776177116.6787176
% 1776177116.689088 robobot/cmd/ti rc 0.100 -3.093 1776177116.6889355
1776177116.6891112 0 1.389 0.210 0.568 31 -1.00 0.00 0.700 -3.093 20 1.689 0.568 0.6715 -1.5691
% 1776177116.699341 robobot/cmd/ti rc 0.100 -2.362 1776177116.6990776
% 1776177116.7094738 robobot/cmd/ti rc 0.100 -1.771 1776177116.7091632
1776177116.7146754 0 1.392 0.212 0.529 31 -1.00 0.00 0.700 -1.771 20 1.692 0.529 0.6745 -1.6083
% 1776177116.719326 robobot/cmd/ti rc 0.100 -1.294 1776177116.719102
% 1776177116.7293863 robobot/cmd/ti rc 0.100 4.000 1776177116.7291625
% 1776177116.739477 robobot/cmd/ti rc 0.100 3.498 1776177116.7392237
% 1776177116.7494676 robobot/cmd/ti rc 0.100 3.094 1776177116.7493017
% 1776177116.7596142 robobot/cmd/ti rc 0.100 2.767 1776177116.759442
1776177116.76571 0 1.396 0.214 0.588 31 -2.00 0.00 1.400 2.767 20 1.697 0.588 0.6798 -1.5495
% 1776177116.7686815 robobot/cmd/ti rc 0.100 2.503 1776177116.7685037
% 1776177116.7788386 robobot/cmd/ti rc 0.100 2.290 1776177116.7786353
% 1776177116.788797 robobot/cmd/ti rc 0.100 2.119 1776177116.7886379
1776177116.7888196 0 1.398 0.216 0.605 31 -2.00 0.00 1.400 2.119 20 1.699 0.605 0.6813 -1.5323
% 1776177116.798951 robobot/cmd/ti rc 0.100 1.980 1776177116.7987754
% 1776177116.8092742 robobot/cmd/ti rc 0.100 -4.000 1776177116.8090482
1776177116.8146079 0 1.401 0.218 0.647 31 -1.00 0.00 0.700 -4.000 20 1.702 0.647 0.6846 -1.4896
% 1776177116.8193593 robobot/cmd/ti rc 0.100 -3.093 1776177116.8191895
% 1776177116.8295696 robobot/cmd/ti rc 0.100 -2.362 1776177116.829399
% 1776177116.8400874 robobot/cmd/ti rc 0.100 -1.771 1776177116.8398752
% 1776177116.849019 robobot/cmd/ti rc 0.100 -1.294 1776177116.8487277
% 1776177116.859111 robobot/cmd/ti rc 0.100 4.000 1776177116.8589487
1776177116.864696 0 1.405 0.221 0.629 31 -2.00 0.00 1.400 4.000 20 1.707 0.629 0.6898 -1.5081
% 1776177116.8692422 robobot/cmd/ti rc 0.100 3.498 1776177116.8690777
% 1776177116.8795912 robobot/cmd/ti rc 0.100 3.094 1776177116.879423
% 1776177116.8887022 robobot/cmd/ti rc 0.100 2.767 1776177116.888527
1776177116.888726 0 1.407 0.222 0.659 31 -2.00 0.00 1.400 2.767 20 1.711 0.659 0.6932 -1.4781
% 1776177116.898759 robobot/cmd/ti rc 0.100 2.503 1776177116.8985472
% 1776177116.9089143 robobot/cmd/ti rc 0.100 2.290 1776177116.9087
1776177116.9144669 0 1.409 0.224 0.704 31 -2.00 0.00 1.400 2.290 20 1.712 0.704 0.6949 -1.4332
% 1776177116.9190187 robobot/cmd/ti rc 0.100 -4.000 1776177116.918849
% 1776177116.929326 robobot/cmd/ti rc 0.100 -3.093 1776177116.9291618
% 1776177116.9393432 robobot/cmd/ti rc 0.100 -2.362 1776177116.9391928
% 1776177116.9494708 robobot/cmd/ti rc 0.100 -1.771 1776177116.9493177
% 1776177116.9528823 robobot/cmd/ti alive 2026-04-14 16:31:30.374114
% 1776177116.9595122 robobot/cmd/ti rc 0.100 -1.294 1776177116.9593694
1776177116.963991 0 1.413 0.227 0.672 31 -1.00 0.00 0.700 -1.294 20 1.717 0.672 0.6993 -1.4654
% 1776177116.9687636 robobot/cmd/ti rc 0.100 -0.910 1776177116.9685783
% 1776177116.9789753 robobot/cmd/ti rc 0.100 4.000 1776177116.978823
% 1776177116.9893122 robobot/cmd/ti rc 0.100 3.498 1776177116.9891515
1776177116.9893377 0 1.414 0.228 0.669 31 -2.00 0.00 1.400 3.498 20 1.719 0.669 0.7016 -1.4677
% 1776177116.9992735 robobot/cmd/ti rc 0.100 3.094 1776177116.9991238
% 1776177117.0094905 robobot/cmd/ti rc 0.100 2.767 1776177117.0093396
1776177117.0149288 0 1.417 0.230 0.711 31 -2.00 0.00 1.400 2.767 20 1.722 0.711 0.7042 -1.4263
% 1776177117.019596 robobot/cmd/ti rc 0.100 2.503 1776177117.0194361
% 1776177117.0286608 robobot/cmd/ti rc 0.100 -4.000 1776177117.028496
% 1776177117.0391622 robobot/cmd/ti rc 0.100 -3.093 1776177117.0389094
% 1776177117.0495176 robobot/cmd/ti rc 0.100 -2.362 1776177117.04933
% 1776177117.0594828 robobot/cmd/ti rc 0.100 -1.771 1776177117.0593061
1776177117.064741 0 1.421 0.234 0.692 31 -1.00 0.00 0.700 -1.771 20 1.726 0.692 0.7087 -1.4447
% 1776177117.0696406 robobot/cmd/ti rc 0.100 -1.294 1776177117.0694432
% 1776177117.078872 robobot/cmd/ti rc 0.100 -0.910 1776177117.07864
% 1776177117.0889459 robobot/cmd/ti rc 0.100 -0.599 1776177117.088699
1776177117.0889697 0 1.422 0.235 0.684 31 -1.00 0.00 0.700 -0.599 20 1.729 0.684 0.7117 -1.4528
% 1776177117.0991213 robobot/cmd/ti rc 0.100 -0.348 1776177117.0989187
% 1776177117.1092608 robobot/cmd/ti rc 0.100 4.000 1776177117.109065
1776177117.1147377 0 1.424 0.237 0.672 31 -2.00 0.00 1.400 4.000 20 1.732 0.672 0.7144 -1.4654
% 1776177117.1193056 robobot/cmd/ti rc 0.100 -4.000 1776177117.1191556
% 1776177117.1296177 robobot/cmd/ti rc 0.100 -3.093 1776177117.1294277
% 1776177117.1396327 robobot/cmd/ti rc 0.100 -2.362 1776177117.1394773
% 1776177117.1486907 robobot/cmd/ti rc 0.100 -1.771 1776177117.1484985
% 1776177117.1587696 robobot/cmd/ti rc 0.100 -1.294 1776177117.1585767
1776177117.1642673 0 1.428 0.240 0.623 31 -1.00 0.00 0.700 -1.294 20 1.736 0.623 0.7185 -1.5138
% 1776177117.1688406 robobot/cmd/ti rc 0.100 -0.910 1776177117.1686597
% 1776177117.1790555 robobot/cmd/ti rc 0.100 4.000 1776177117.1788251
% 1776177117.1891174 robobot/cmd/ti rc 0.100 3.498 1776177117.1889129
1776177117.1891413 0 1.430 0.241 0.607 31 -2.00 0.00 1.400 3.498 20 1.737 0.607 0.7200 -1.5300
% 1776177117.1990561 robobot/cmd/ti rc 0.100 3.094 1776177117.198906
% 1776177117.2092378 robobot/cmd/ti rc 0.100 2.767 1776177117.2090461
1776177117.2148278 0 1.432 0.243 0.638 31 -2.00 0.00 1.400 2.767 20 1.740 0.638 0.7231 -1.4988
% 1776177117.219601 robobot/cmd/ti rc 0.100 2.503 1776177117.2192793
% 1776177117.229744 robobot/cmd/ti rc 0.100 2.290 1776177117.229491
% 1776177117.2392793 robobot/cmd/ti rc 0.100 2.119 1776177117.2387664
% 1776177117.2494338 robobot/cmd/ti rc 0.100 1.980 1776177117.2489913
% 1776177117.2594223 robobot/cmd/ti rc 0.100 1.868 1776177117.2590728
1776177117.2648745 0 1.436 0.246 0.681 31 -2.00 0.00 1.400 1.868 20 1.746 0.681 0.7292 -1.4562
% 1776177117.2695749 robobot/cmd/ti rc 0.100 1.778 1776177117.2692409
% 1776177117.2798662 robobot/cmd/ti rc 0.100 1.705 1776177117.279558
% 1776177117.2890458 robobot/cmd/ti rc 0.100 1.646 1776177117.288699
1776177117.2890732 0 1.438 0.247 0.707 31 -2.00 0.00 1.400 1.646 20 1.750 0.707 0.7324 -1.4297
% 1776177117.2989416 robobot/cmd/ti rc 0.100 -4.000 1776177117.2987812
% 1776177117.3092263 robobot/cmd/ti rc 0.100 4.000 1776177117.3090096
1776177117.3156343 0 1.441 0.250 0.733 31 -2.00 0.00 1.400 4.000 20 1.752 0.733 0.7346 -1.4044
% 1776177117.3191657 robobot/cmd/ti rc 0.100 -4.000 1776177117.31901
% 1776177117.329228 robobot/cmd/ti rc 0.100 4.000 1776177117.3290792
% 1776177117.3392842 robobot/cmd/ti rc 0.100 -4.000 1776177117.339121
% 1776177117.3493707 robobot/cmd/ti rc 0.100 -3.093 1776177117.3492153
% 1776177117.3594244 robobot/cmd/ti rc 0.100 -2.362 1776177117.3592806
1776177117.3649049 0 1.444 0.253 0.730 31 -1.00 0.00 0.700 -2.362 20 1.757 0.730 0.7397 -1.4067
% 1776177117.3696468 robobot/cmd/ti rc 0.100 -1.771 1776177117.3694963
% 1776177117.3787816 robobot/cmd/ti rc 0.100 4.000 1776177117.3786306
% 1776177117.388801 robobot/cmd/ti rc 0.100 3.498 1776177117.3886497
1776177117.3888268 0 1.446 0.254 0.712 31 -2.00 0.00 1.400 3.498 20 1.760 0.712 0.7431 -1.4251
% 1776177117.3988523 robobot/cmd/ti rc 0.100 -4.000 1776177117.3987007
% 1776177117.4091094 robobot/cmd/ti rc 0.100 4.000 1776177117.4089017
1776177117.415722 0 1.448 0.256 0.735 31 -2.00 0.00 1.400 4.000 20 1.762 0.735 0.7447 -1.4021
% 1776177117.4192035 robobot/cmd/ti rc 0.100 3.498 1776177117.4190202
% 1776177117.429438 robobot/cmd/ti rc 0.100 3.094 1776177117.4292812
% 1776177117.4398458 robobot/cmd/ti rc 0.100 2.767 1776177117.4396613
% 1776177117.449771 robobot/cmd/ti rc 0.100 -4.000 1776177117.4496028
% 1776177117.454327 robobot/cmd/ti alive 2026-04-14 16:31:30.374114
% 1776177117.4587138 robobot/cmd/ti rc 0.100 -3.093 1776177117.4585779
1776177117.465552 0 1.451 0.259 0.771 31 -1.00 0.00 0.700 -3.093 20 1.768 0.771 0.7503 -1.3664
% 1776177117.4690073 robobot/cmd/ti rc 0.100 -2.362 1776177117.4688644
% 1776177117.4793248 robobot/cmd/ti rc 0.100 -1.771 1776177117.479146
% 1776177117.4894862 robobot/cmd/ti rc 0.100 -1.294 1776177117.489289
1776177117.4895875 0 1.452 0.260 0.720 31 -1.00 0.00 0.700 -1.294 20 1.770 0.720 0.7528 -1.4171
% 1776177117.4994729 robobot/cmd/ti rc 0.100 -0.910 1776177117.4993002
% 1776177117.5096896 robobot/cmd/ti rc 0.100 4.000 1776177117.5094333
1776177117.515135 0 1.454 0.262 0.720 31 -2.00 0.00 1.400 4.000 20 1.773 0.720 0.7554 -1.4171
% 1776177117.519737 robobot/cmd/ti rc 0.100 3.498 1776177117.5194976
% 1776177117.5291412 robobot/cmd/ti rc 0.100 3.094 1776177117.5288923
% 1776177117.5391464 robobot/cmd/ti rc 0.100 2.767 1776177117.538937
% 1776177117.5491657 robobot/cmd/ti rc 0.100 2.503 1776177117.5490081
% 1776177117.5592463 robobot/cmd/ti rc 0.100 2.290 1776177117.5590916
1776177117.5658011 0 1.457 0.264 0.782 31 -2.00 0.00 1.400 2.290 20 1.776 0.782 0.7590 -1.3548
% 1776177117.5694559 robobot/cmd/ti rc 0.100 -4.000 1776177117.5692966
% 1776177117.5795393 robobot/cmd/ti rc 0.100 -3.093 1776177117.579369
% 1776177117.589546 robobot/cmd/ti rc 0.100 -2.362 1776177117.5893962
1776177117.5895677 0 1.459 0.266 0.813 31 -1.00 0.00 0.700 -2.362 20 1.779 0.813 0.7621 -1.3237
% 1776177117.599585 robobot/cmd/ti rc 0.100 -1.771 1776177117.5994396
% 1776177117.6097314 robobot/cmd/ti rc 0.100 -1.294 1776177117.609588
1776177117.6150384 0 1.461 0.268 0.774 31 -1.00 0.00 0.700 -1.294 20 1.781 0.774 0.7641 -1.3629
% 1776177117.6197906 robobot/cmd/ti rc 0.100 -0.910 1776177117.619626
% 1776177117.6288128 robobot/cmd/ti rc 0.100 -0.599 1776177117.6286638
% 1776177117.6401784 robobot/cmd/ti rc 0.100 -0.348 1776177117.6400204
% 1776177117.649267 robobot/cmd/ti rc 0.100 -0.146 1776177117.6490905
% 1776177117.6593626 robobot/cmd/ti rc 0.100 4.000 1776177117.6591973
1776177117.665947 0 1.464 0.272 0.767 31 -2.00 0.00 1.400 4.000 20 1.788 0.767 0.7702 -1.3698
% 1776177117.6693952 robobot/cmd/ti rc 0.100 3.498 1776177117.6692424
% 1776177117.6795597 robobot/cmd/ti rc 0.100 3.094 1776177117.6794016
% 1776177117.6897502 robobot/cmd/ti rc 0.100 -4.000 1776177117.6895444
1776177117.689775 0 1.466 0.273 0.799 31 -1.00 0.00 0.700 -4.000 20 1.790 0.799 0.7728 -1.3376
% 1776177117.6996665 robobot/cmd/ti rc 0.100 -3.093 1776177117.6995037
% 1776177117.709857 robobot/cmd/ti rc 0.100 -2.362 1776177117.7096345
1776177117.7153049 0 1.468 0.275 0.808 31 -1.00 0.00 0.700 -2.362 20 1.792 0.808 0.7747 -1.3295
% 1776177117.7209527 robobot/cmd/ti rc 0.100 -1.771 1776177117.7200873
% 1776177117.7291656 robobot/cmd/ti rc 0.100 -1.294 1776177117.7289367
% 1776177117.7390633 robobot/cmd/ti rc 0.100 -0.910 1776177117.7389016
% 1776177117.7488658 robobot/cmd/ti rc 0.100 -0.599 1776177117.748707
% 1776177117.7589996 robobot/cmd/ti rc 0.100 -0.348 1776177117.7588422
1776177117.765542 0 1.471 0.278 0.773 31 -1.00 0.00 0.700 -0.348 20 1.797 0.773 0.7793 -1.3641
% 1776177117.7690892 robobot/cmd/ti rc 0.100 4.000 1776177117.7689364
% 1776177117.7793248 robobot/cmd/ti rc 0.100 3.498 1776177117.779077
% 1776177117.7891707 robobot/cmd/ti rc 0.100 3.094 1776177117.7890189
1776177117.7891934 0 1.472 0.280 0.760 31 -2.00 0.00 1.400 3.094 20 1.799 0.760 0.7818 -1.3767
% 1776177117.7991533 robobot/cmd/ti rc 0.100 2.767 1776177117.7990007
% 1776177117.8094285 robobot/cmd/ti rc 0.100 2.503 1776177117.8092172
1776177117.8157554 0 1.474 0.281 0.816 31 -2.00 0.00 1.400 2.503 20 1.801 0.816 0.7841 -1.3214
% 1776177117.8192306 robobot/cmd/ti rc 0.100 2.290 1776177117.8190699
% 1776177117.829449 robobot/cmd/ti rc 0.100 2.119 1776177117.8292418
% 1776177117.842284 robobot/cmd/ti rc 0.100 1.980 1776177117.84214
% 1776177117.8498132 robobot/cmd/ti rc 0.100 -4.000 1776177117.8496442
% 1776177117.8598816 robobot/cmd/ti rc 0.100 -3.093 1776177117.859714
1776177117.8653069 0 1.478 0.286 0.863 31 -1.00 0.00 0.700 -3.093 20 1.807 0.863 0.7898 -1.2742
% 1776177117.8700256 robobot/cmd/ti rc 0.100 -2.362 1776177117.869667
% 1776177117.8800743 robobot/cmd/ti rc 0.100 -1.771 1776177117.8797653
% 1776177117.8891447 robobot/cmd/ti rc 0.100 -1.294 1776177117.8889024
1776177117.889168 0 1.479 0.287 0.831 31 -1.00 0.00 0.700 -1.294 20 1.809 0.831 0.7918 -1.3065
% 1776177117.8992438 robobot/cmd/ti rc 0.100 4.000 1776177117.8989305
% 1776177117.9093192 robobot/cmd/ti rc 0.100 3.498 1776177117.909083
1776177117.91574 0 1.482 0.290 0.836 31 -2.00 0.00 1.400 3.498 20 1.812 0.836 0.7949 -1.3007
% 1776177117.9194949 robobot/cmd/ti rc 0.100 3.094 1776177117.9191275
% 1776177117.9296196 robobot/cmd/ti rc 0.100 2.767 1776177117.92937
% 1776177117.9395099 robobot/cmd/ti rc 0.100 2.503 1776177117.939273
% 1776177117.9495292 robobot/cmd/ti rc 0.100 2.290 1776177117.9492557
% 1776177117.9555943 robobot/cmd/ti alive 2026-04-14 16:31:30.374114
% 1776177117.9595046 robobot/cmd/ti rc 0.100 2.119 1776177117.9592867
1776177117.9660192 0 1.485 0.294 0.914 31 -2.00 0.00 1.400 2.119 20 1.816 0.914 0.7984 -1.2235
% 1776177117.9697757 robobot/cmd/ti rc 0.100 1.980 1776177117.9694042
% 1776177117.9797995 robobot/cmd/ti rc 0.100 1.868 1776177117.9795535
% 1776177117.9897208 robobot/cmd/ti rc 0.100 -4.000 1776177117.9894962
1776177117.989744 0 1.487 0.296 0.945 31 -1.00 0.00 0.700 -4.000 20 1.819 0.945 0.8019 -1.1924
% 1776177117.9997172 robobot/cmd/ti rc 0.100 -3.093 1776177117.9995146
% 1776177118.009821 robobot/cmd/ti rc 0.100 -2.362 1776177118.009617
1776177118.0163221 0 1.488 0.298 0.937 31 -1.00 0.00 0.700 -2.362 20 1.822 0.937 0.8048 -1.2005
% 1776177118.019861 robobot/cmd/ti rc 0.100 -1.771 1776177118.0196111
% 1776177118.0290039 robobot/cmd/ti rc 0.100 4.000 1776177118.0287795
% 1776177118.0396254 robobot/cmd/ti rc 0.100 3.498 1776177118.038915
% 1776177118.0497587 robobot/cmd/ti rc 0.100 3.094 1776177118.049083
% 1776177118.0593288 robobot/cmd/ti rc 0.100 2.767 1776177118.0590832
1776177118.065893 0 1.491 0.303 0.999 31 -2.00 0.00 1.400 2.767 20 1.828 0.999 0.8110 -1.1382
% 1776177118.0694573 robobot/cmd/ti rc 0.100 2.503 1776177118.0692084
% 1776177118.0794961 robobot/cmd/ti rc 0.100 2.290 1776177118.0793312
% 1776177118.0895896 robobot/cmd/ti rc 0.100 2.119 1776177118.08944
1776177118.0896158 0 1.492 0.304 1.017 31 -2.00 0.00 1.400 2.119 20 1.830 1.017 0.8124 -1.1198
% 1776177118.099798 robobot/cmd/ti rc 0.100 -4.000 1776177118.099486
% 1776177118.1097584 robobot/cmd/ti rc 0.100 -3.093 1776177118.109476
1776177118.1162472 0 1.494 0.307 1.051 31 -1.00 0.00 0.700 -3.093 20 1.833 1.051 0.8153 -1.0864
% 1776177118.1196532 robobot/cmd/ti rc 0.100 -2.362 1776177118.1194854
% 1776177118.1299663 robobot/cmd/ti rc 0.100 -1.771 1776177118.1296816
% 1776177118.1390204 robobot/cmd/ti rc 0.100 -1.294 1776177118.1388476
% 1776177118.1491957 robobot/cmd/ti rc 0.100 -0.910 1776177118.148816
% 1776177118.1590173 robobot/cmd/ti rc 0.100 -0.599 1776177118.1588387
1776177118.1665797 0 1.497 0.312 1.028 31 -1.00 0.00 0.700 -0.599 20 1.838 1.028 0.8205 -1.1094
% 1776177118.1689878 robobot/cmd/ti rc 0.100 4.000 1776177118.1688309
% 1776177118.1798418 robobot/cmd/ti rc 0.100 3.498 1776177118.1789837
% 1776177118.189058 robobot/cmd/ti rc 0.100 3.094 1776177118.188907
1776177118.189082 0 1.498 0.313 1.046 31 -2.00 0.00 1.400 3.094 20 1.840 1.046 0.8226 -1.0910
% 1776177118.1991544 robobot/cmd/ti rc 0.100 2.767 1776177118.1989954
% 1776177118.2093112 robobot/cmd/ti rc 0.100 2.503 1776177118.209153
1776177118.2168384 0 1.499 0.315 1.099 31 -2.00 0.00 1.400 2.503 20 1.842 1.099 0.8247 -1.0380
% 1776177118.2195902 robobot/cmd/ti rc 0.100 -4.000 1776177118.2194195
% 1776177118.2294822 robobot/cmd/ti rc 0.100 -3.093 1776177118.2293057
% 1776177118.2398562 robobot/cmd/ti rc 0.100 -2.362 1776177118.2396805
% 1776177118.2500231 robobot/cmd/ti rc 0.100 -1.771 1776177118.249812
% 1776177118.2589571 robobot/cmd/ti rc 0.100 -1.294 1776177118.2587829
1776177118.2665415 0 1.501 0.320 1.074 31 -1.00 0.00 0.700 -1.294 20 1.847 1.074 0.8293 -1.0634
% 1776177118.2689996 robobot/cmd/ti rc 0.100 -0.910 1776177118.268833
% 1776177118.2789912 robobot/cmd/ti rc 0.100 -0.599 1776177118.2788372
% 1776177118.2890456 robobot/cmd/ti rc 0.100 4.000 1776177118.2888916
1776177118.2890687 0 1.502 0.321 1.078 31 -2.00 0.00 1.400 4.000 20 1.848 1.078 0.8311 -1.0588
% 1776177118.299249 robobot/cmd/ti rc 0.100 3.498 1776177118.2990348
% 1776177118.3092277 robobot/cmd/ti rc 0.100 3.094 1776177118.3090594
1776177118.3168993 0 1.503 0.324 1.093 31 -2.00 0.00 1.400 3.094 20 1.851 1.093 0.8333 -1.0438
% 1776177118.31926 robobot/cmd/ti rc 0.100 2.767 1776177118.319092
% 1776177118.3294513 robobot/cmd/ti rc 0.100 -4.000 1776177118.329281
% 1776177118.3394487 robobot/cmd/ti rc 0.100 -3.093 1776177118.3392813
% 1776177118.3494382 robobot/cmd/ti rc 0.100 -2.362 1776177118.349275
% 1776177118.3594894 robobot/cmd/ti rc 0.100 -1.771 1776177118.35933
1776177118.3661134 0 1.506 0.329 1.060 31 -1.00 0.00 0.700 -1.771 20 1.855 1.060 0.8381 -1.0772
% 1776177118.3696291 robobot/cmd/ti rc 0.100 -1.294 1776177118.3694787
% 1776177118.3797317 robobot/cmd/ti rc 0.100 -0.910 1776177118.379574
% 1776177118.3898206 robobot/cmd/ti rc 0.100 -0.599 1776177118.3896532
1776177118.3898444 0 1.507 0.330 1.053 31 -1.00 0.00 0.700 -0.599 20 1.857 1.053 0.8402 -1.0841
% 1776177118.399894 robobot/cmd/ti rc 0.100 -0.348 1776177118.399735
% 1776177118.4100175 robobot/cmd/ti rc 0.100 4.000 1776177118.4097893
1776177118.4164054 0 1.508 0.333 1.035 31 -2.00 0.00 1.400 4.000 20 1.860 1.035 0.8431 -1.1025
% 1776177118.4199765 robobot/cmd/ti rc 0.100 3.498 1776177118.4197707
% 1776177118.4291792 robobot/cmd/ti rc 0.100 3.094 1776177118.4290314
% 1776177118.4399168 robobot/cmd/ti rc 0.100 -4.000 1776177118.4391344
% 1776177118.4494016 robobot/cmd/ti rc 0.100 -3.093 1776177118.4492233
% 1776177118.4567733 robobot/cmd/ti alive 2026-04-14 16:31:30.374114
% 1776177118.4594147 robobot/cmd/ti rc 0.100 -2.362 1776177118.4592505
1776177118.4670339 0 1.511 0.338 1.023 31 -1.00 0.00 0.700 -2.362 20 1.866 1.023 0.8486 -1.1141
% 1776177118.4694111 robobot/cmd/ti rc 0.100 -1.771 1776177118.469255
% 1776177118.4795837 robobot/cmd/ti rc 0.100 -1.294 1776177118.4794226
% 1776177118.48981 robobot/cmd/ti rc 0.100 -0.910 1776177118.4896474
1776177118.4898324 0 1.512 0.340 1.004 31 -1.00 0.00 0.700 -0.910 20 1.868 1.004 0.8510 -1.1336
% 1776177118.500039 robobot/cmd/ti rc 0.100 -0.599 1776177118.4998791
% 1776177118.509119 robobot/cmd/ti rc 0.100 4.000 1776177118.5089602
1776177118.5165594 0 1.514 0.342 0.989 31 -2.00 0.00 1.400 4.000 20 1.871 0.989 0.8533 -1.1486
% 1776177118.519034 robobot/cmd/ti rc 0.100 3.498 1776177118.518825
% 1776177118.5291328 robobot/cmd/ti rc 0.100 3.094 1776177118.5289826
% 1776177118.539264 robobot/cmd/ti rc 0.100 2.767 1776177118.539094
% 1776177118.5493784 robobot/cmd/ti rc 0.100 2.503 1776177118.5491345
% 1776177118.5593128 robobot/cmd/ti rc 0.100 2.290 1776177118.5591655
1776177118.5669458 0 1.517 0.347 1.047 31 -2.00 0.00 1.400 2.290 20 1.876 1.047 0.8583 -1.0899
% 1776177118.5701683 robobot/cmd/ti rc 0.100 2.119 1776177118.5699081
% 1776177118.579788 robobot/cmd/ti rc 0.100 1.980 1776177118.579635
% 1776177118.5897455 robobot/cmd/ti rc 0.100 1.868 1776177118.589512
1776177118.589771 0 1.518 0.349 1.067 31 -2.00 0.00 1.400 1.868 20 1.878 1.067 0.8610 -1.0703
% 1776177118.5997891 robobot/cmd/ti rc 0.100 -4.000 1776177118.5995395
% 1776177118.6098466 robobot/cmd/ti rc 0.100 -3.093 1776177118.6095634
1776177118.6162622 0 1.520 0.352 1.079 31 -1.00 0.00 0.700 -3.093 20 1.881 1.079 0.8640 -1.0576
% 1776177118.6199155 robobot/cmd/ti rc 0.100 4.000 1776177118.6196342
% 1776177118.6302617 robobot/cmd/ti rc 0.100 -4.000 1776177118.6299362
% 1776177118.644164 robobot/cmd/ti rc 0.100 4.000 1776177118.643818
% 1776177118.6496003 robobot/cmd/ti rc 0.100 3.498 1776177118.6491494
% 1776177118.659415 robobot/cmd/ti rc 0.100 3.094 1776177118.6592202
1776177118.6670556 0 1.522 0.357 1.071 31 -2.00 0.00 1.400 3.094 20 1.887 1.071 0.8696 -1.0657
% 1776177118.6694229 robobot/cmd/ti rc 0.100 2.767 1776177118.6692514
% 1776177118.6795163 robobot/cmd/ti rc 0.100 2.503 1776177118.6793401
% 1776177118.6896 robobot/cmd/ti rc 0.100 2.290 1776177118.6894355
1776177118.6896265 0 1.523 0.358 1.112 31 -2.00 0.00 1.400 2.290 20 1.889 1.112 0.8719 -1.0253
% 1776177118.6998215 robobot/cmd/ti rc 0.100 2.119 1776177118.6995003
% 1776177118.7097042 robobot/cmd/ti rc 0.100 -4.000 1776177118.709479
1776177118.7173193 0 1.524 0.361 1.138 31 -1.00 0.00 0.700 -4.000 20 1.891 1.138 0.8736 -0.9988
% 1776177118.7197304 robobot/cmd/ti rc 0.100 -3.093 1776177118.7195027
% 1776177118.7298577 robobot/cmd/ti rc 0.100 -2.362 1776177118.7296484
% 1776177118.7398667 robobot/cmd/ti rc 0.100 -1.771 1776177118.7396684
% 1776177118.74988 robobot/cmd/ti rc 0.100 -1.294 1776177118.7497032
% 1776177118.7598772 robobot/cmd/ti rc 0.100 -0.910 1776177118.759704
1776177118.7674668 0 1.527 0.366 1.100 31 -1.00 0.00 0.700 -0.910 20 1.897 1.100 0.8795 -1.0369
% 1776177118.7699 robobot/cmd/ti rc 0.100 -0.599 1776177118.769694
% 1776177118.7799854 robobot/cmd/ti rc 0.100 -0.348 1776177118.7797713
% 1776177118.790036 robobot/cmd/ti rc 0.100 4.000 1776177118.7897618
1776177118.7900617 0 1.528 0.368 1.092 31 -2.00 0.00 1.400 4.000 20 1.900 1.092 0.8823 -1.0449
% 1776177118.7999759 robobot/cmd/ti rc 0.100 3.498 1776177118.799798
% 1776177118.8100462 robobot/cmd/ti rc 0.100 3.094 1776177118.8098912
1776177118.8176708 0 1.529 0.370 1.121 31 -2.00 0.00 1.400 3.094 20 1.903 1.121 0.8858 -1.0161
% 1776177118.820142 robobot/cmd/ti rc 0.100 -4.000 1776177118.8199222
% 1776177118.829218 robobot/cmd/ti rc 0.100 -3.093 1776177118.8290467
% 1776177118.8393013 robobot/cmd/ti rc 0.100 -2.362 1776177118.8391073
% 1776177118.8497403 robobot/cmd/ti rc 0.100 -1.771 1776177118.8495252
% 1776177118.8590682 robobot/cmd/ti rc 0.100 -1.294 1776177118.8589056
1776177118.8678572 0 1.531 0.374 1.095 31 -1.00 0.00 0.700 -1.294 20 1.907 1.095 0.8902 -1.0426
% 1776177118.869155 robobot/cmd/ti rc 0.100 -0.910 1776177118.8689954
% 1776177118.87943 robobot/cmd/ti rc 0.100 -0.599 1776177118.879247
% 1776177118.8897877 robobot/cmd/ti rc 0.100 4.000 1776177118.8895917
1776177118.8898127 0 1.531 0.376 1.093 31 -2.00 0.00 1.400 4.000 20 1.909 1.093 0.8921 -1.0438
% 1776177118.8997927 robobot/cmd/ti rc 0.100 3.498 1776177118.899636
% 1776177118.9095106 robobot/cmd/ti rc 0.100 3.094 1776177118.9091234
1776177118.9171252 0 1.533 0.378 1.098 31 -2.00 0.00 1.400 3.094 20 1.912 1.098 0.8942 -1.0392
% 1776177118.919631 robobot/cmd/ti rc 0.100 2.767 1776177118.9193335
% 1776177118.9301767 robobot/cmd/ti rc 0.100 2.503 1776177118.9300241
% 1776177118.9401155 robobot/cmd/ti rc 0.100 2.290 1776177118.9398868
% 1776177118.950115 robobot/cmd/ti rc 0.100 2.119 1776177118.949876
% 1776177118.9582157 robobot/cmd/ti alive 2026-04-14 16:31:30.374114
% 1776177118.9591167 robobot/cmd/ti rc 0.100 -4.000 1776177118.9589298
1776177118.9677966 0 1.535 0.382 1.158 31 -1.00 0.00 0.700 -4.000 20 1.916 1.158 0.8983 -0.9793
% 1776177118.9692879 robobot/cmd/ti rc 0.100 -3.093 1776177118.9690645
% 1776177118.9793591 robobot/cmd/ti rc 0.100 -2.362 1776177118.9791195
% 1776177118.9893644 robobot/cmd/ti rc 0.100 -1.771 1776177118.9892185
1776177118.9893858 0 1.536 0.385 1.116 31 -1.00 0.00 0.700 -1.771 20 1.918 1.116 0.9010 -1.0207
% 1776177118.9995801 robobot/cmd/ti rc 0.100 -1.294 1776177118.9993086
% 1776177119.0095797 robobot/cmd/ti rc 0.100 -0.910 1776177119.0094416
1776177119.017226 0 1.537 0.387 1.103 31 -1.00 0.00 0.700 -0.910 20 1.922 1.103 0.9042 -1.0346
% 1776177119.0195372 robobot/cmd/ti rc 0.100 4.000 1776177119.019376
% 1776177119.029706 robobot/cmd/ti rc 0.100 3.498 1776177119.0295558
% 1776177119.0403144 robobot/cmd/ti rc 0.100 3.094 1776177119.040143
% 1776177119.049491 robobot/cmd/ti rc 0.100 2.767 1776177119.0493305
% 1776177119.0596075 robobot/cmd/ti rc 0.100 2.503 1776177119.0594563
1776177119.0671468 0 1.539 0.392 1.149 31 -2.00 0.00 1.400 2.503 20 1.926 1.149 0.9092 -0.9885
% 1776177119.0702605 robobot/cmd/ti rc 0.100 2.290 1776177119.069977
% 1776177119.0799897 robobot/cmd/ti rc 0.100 -4.000 1776177119.079835
% 1776177119.0900917 robobot/cmd/ti rc 0.100 -3.093 1776177119.0898623
1776177119.090115 0 1.540 0.394 1.168 31 -1.00 0.00 0.700 -3.093 20 1.929 1.168 0.9115 -0.9689
% 1776177119.1001108 robobot/cmd/ti rc 0.100 -2.362 1776177119.0999677
% 1776177119.1091776 robobot/cmd/ti rc 0.100 -1.771 1776177119.1090183
1776177119.1178172 0 1.542 0.397 1.121 31 -1.00 0.00 0.700 -1.771 20 1.932 1.121 0.9142 -1.0161
% 1776177119.1191654 robobot/cmd/ti rc 0.100 -1.294 1776177119.1190119
% 1776177119.1294136 robobot/cmd/ti rc 0.100 -0.910 1776177119.1292467
% 1776177119.1393523 robobot/cmd/ti rc 0.100 -0.599 1776177119.139202
% 1776177119.149416 robobot/cmd/ti rc 0.100 -0.348 1776177119.1492546
% 1776177119.1595118 robobot/cmd/ti rc 0.100 4.000 1776177119.1593664
1776177119.1671762 0 1.544 0.402 1.103 31 -2.00 0.00 1.400 4.000 20 1.937 1.103 0.9198 -1.0346
% 1776177119.1696172 robobot/cmd/ti rc 0.100 3.498 1776177119.1694682
% 1776177119.1797504 robobot/cmd/ti rc 0.100 3.094 1776177119.1796029
% 1776177119.1898851 robobot/cmd/ti rc 0.100 2.767 1776177119.1897204
1776177119.18991 0 1.545 0.404 1.142 31 -2.00 0.00 1.400 2.767 20 1.939 1.142 0.9220 -0.9954
% 1776177119.199852 robobot/cmd/ti rc 0.100 -4.000 1776177119.1996994
% 1776177119.210238 robobot/cmd/ti rc 0.100 -3.093 1776177119.2100651
1776177119.2180574 0 1.547 0.407 1.159 31 -1.00 0.00 0.700 -3.093 20 1.942 1.159 0.9250 -0.9781
% 1776177119.2193806 robobot/cmd/ti rc 0.100 -2.362 1776177119.2192242
% 1776177119.2299984 robobot/cmd/ti rc 0.100 -1.771 1776177119.2297852
% 1776177119.2400832 robobot/cmd/ti rc 0.100 -1.294 1776177119.239905
% 1776177119.2506554 robobot/cmd/ti rc 0.100 -0.910 1776177119.2503965
% 1776177119.259877 robobot/cmd/ti rc 0.100 -0.599 1776177119.2595706
1776177119.2674952 0 1.549 0.412 1.106 31 -1.00 0.00 0.700 -0.599 20 1.947 1.106 0.9296 -1.0311
% 1776177119.2698042 robobot/cmd/ti rc 0.100 -0.348 1776177119.2696424
% 1776177119.2800803 robobot/cmd/ti rc 0.100 4.000 1776177119.279921
% 1776177119.2902622 robobot/cmd/ti rc 0.100 3.498 1776177119.290093
1776177119.290286 0 1.550 0.414 1.092 31 -2.00 0.00 1.400 3.498 20 1.950 1.092 0.9326 -1.0449
% 1776177119.29919 robobot/cmd/ti rc 0.100 3.094 1776177119.2990377
% 1776177119.3093443 robobot/cmd/ti rc 0.100 2.767 1776177119.3091812
1776177119.3181515 0 1.551 0.416 1.152 31 -2.00 0.00 1.400 2.767 20 1.952 1.152 0.9348 -0.9850
% 1776177119.3195066 robobot/cmd/ti rc 0.100 2.503 1776177119.3193197
% 1776177119.3298628 robobot/cmd/ti rc 0.100 2.290 1776177119.3296502
% 1776177119.3397279 robobot/cmd/ti rc 0.100 -4.000 1776177119.339584
% 1776177119.3500037 robobot/cmd/ti rc 0.100 -3.093 1776177119.3498504
% 1776177119.3601239 robobot/cmd/ti rc 0.100 -2.362 1776177119.3599837
1776177119.36897 0 1.553 0.421 1.153 31 -1.00 0.00 0.700 -2.362 20 1.956 1.153 0.9383 -0.9839
% 1776177119.370322 robobot/cmd/ti rc 0.100 -1.771 1776177119.3699882
% 1776177119.3792953 robobot/cmd/ti rc 0.100 -1.294 1776177119.3791418
% 1776177119.3895142 robobot/cmd/ti rc 0.100 -0.910 1776177119.3892233
1776177119.3896027 0 1.554 0.423 1.135 31 -1.00 0.00 0.700 -0.910 20 1.958 1.135 0.9411 -1.0023
% 1776177119.3998618 robobot/cmd/ti rc 0.100 -0.599 1776177119.3995633
% 1776177119.4096732 robobot/cmd/ti rc 0.100 4.000 1776177119.4094536
1776177119.4183173 0 1.555 0.426 1.137 31 -2.00 0.00 1.400 4.000 20 1.962 1.137 0.9445 -1.0000
% 1776177119.4196393 robobot/cmd/ti rc 0.100 3.498 1776177119.4194884
% 1776177119.4301274 robobot/cmd/ti rc 0.100 3.094 1776177119.4298983
% 1776177119.4404604 robobot/cmd/ti rc 0.100 2.767 1776177119.4402814
% 1776177119.4494605 robobot/cmd/ti rc 0.100 -4.000 1776177119.4492846
% 1776177119.4593556 robobot/cmd/ti alive 2026-04-14 16:31:30.374114
% 1776177119.459716 robobot/cmd/ti rc 0.100 -3.093 1776177119.4595253
1776177119.468246 0 1.557 0.430 1.174 31 -1.00 0.00 0.700 -3.093 20 1.966 1.174 0.9491 -0.9631
% 1776177119.4696403 robobot/cmd/ti rc 0.100 -2.362 1776177119.469448
% 1776177119.479711 robobot/cmd/ti rc 0.100 -1.771 1776177119.479531
% 1776177119.4898245 robobot/cmd/ti rc 0.100 -1.294 1776177119.489652
1776177119.4898486 0 1.558 0.433 1.142 31 -1.00 0.00 0.700 -1.294 20 1.969 1.142 0.9522 -0.9954
% 1776177119.49986 robobot/cmd/ti rc 0.100 -0.910 1776177119.499679
% 1776177119.5099254 robobot/cmd/ti rc 0.100 -0.599 1776177119.5097713
1776177119.5186968 0 1.559 0.436 1.139 31 -1.00 0.00 0.700 -0.599 20 1.972 1.139 0.9548 -0.9977
% 1776177119.5199978 robobot/cmd/ti rc 0.100 -0.348 1776177119.5198402
% 1776177119.5301857 robobot/cmd/ti rc 0.100 -0.146 1776177119.5300293
% 1776177119.5400982 robobot/cmd/ti rc 0.100 0.017 1776177119.5399241
% 1776177119.550005 robobot/cmd/ti rc 0.100 0.149 1776177119.5498476
% 1776177119.560132 robobot/cmd/ti rc 0.100 0.255 1776177119.5599496
1776177119.5687623 0 1.561 0.440 1.121 31 -1.00 0.00 0.700 0.255 20 1.977 1.121 0.9596 -1.0161
% 1776177119.5702612 robobot/cmd/ti rc 0.100 4.000 1776177119.5700598
% 1776177119.579707 robobot/cmd/ti rc 0.100 3.498 1776177119.5795345
% 1776177119.5899081 robobot/cmd/ti rc 0.100 -4.000 1776177119.5896978
1776177119.5899334 0 1.562 0.441 1.117 31 -1.00 0.00 0.700 -4.000 20 1.979 1.117 0.9618 -1.0196
% 1776177119.6003854 robobot/cmd/ti rc 0.100 -3.093 1776177119.5995643
% 1776177119.609785 robobot/cmd/ti rc 0.100 -2.362 1776177119.609562
1776177119.6188853 0 1.563 0.444 1.099 31 -1.00 0.00 0.700 -2.362 20 1.983 1.099 0.9657 -1.0380
% 1776177119.620249 robobot/cmd/ti rc 0.100 -1.771 1776177119.6200604
% 1776177119.629498 robobot/cmd/ti rc 0.100 -1.294 1776177119.6293347
% 1776177119.6399493 robobot/cmd/ti rc 0.100 4.000 1776177119.6397667
% 1776177119.6503165 robobot/cmd/ti rc 0.100 3.498 1776177119.6500208
% 1776177119.6604264 robobot/cmd/ti rc 0.100 3.094 1776177119.6602478
1776177119.6679845 0 1.566 0.448 1.111 31 -2.00 0.00 1.400 3.094 20 1.987 1.111 0.9699 -1.0265
% 1776177119.6703591 robobot/cmd/ti rc 0.100 2.767 1776177119.6701963
% 1776177119.6806877 robobot/cmd/ti rc 0.100 2.503 1776177119.6805186
% 1776177119.6908393 robobot/cmd/ti rc 0.100 2.290 1776177119.6906745
1776177119.690867 0 1.566 0.450 1.127 31 -2.00 0.00 1.400 2.290 20 1.989 1.127 0.9716 -1.0104
% 1776177119.7009888 robobot/cmd/ti rc 0.100 2.119 1776177119.7008398
% 1776177119.7101634 robobot/cmd/ti rc 0.100 -4.000 1776177119.7099597
1776177119.7189102 0 1.568 0.453 1.155 31 -1.00 0.00 0.700 -4.000 20 1.991 1.155 0.9736 -0.9816
% 1776177119.7202115 robobot/cmd/ti rc 0.100 4.000 1776177119.7200623
% 1776177119.7302854 robobot/cmd/ti rc 0.100 -4.000 1776177119.7301319
% 1776177119.7403607 robobot/cmd/ti rc 0.100 -3.093 1776177119.7402146
% 1776177119.7505088 robobot/cmd/ti rc 0.100 -2.362 1776177119.7503319
% 1776177119.7606366 robobot/cmd/ti rc 0.100 -1.771 1776177119.7604775
1776177119.7685122 0 1.570 0.458 1.145 31 -1.00 0.00 0.700 -1.771 20 1.996 1.145 0.9790 -0.9919
% 1776177119.770902 robobot/cmd/ti rc 0.100 -1.294 1776177119.7707384
% 1776177119.780205 robobot/cmd/ti rc 0.100 4.000 1776177119.780023
% 1776177119.790263 robobot/cmd/ti rc 0.100 3.498 1776177119.7900066
1776177119.7902873 0 1.571 0.460 1.135 31 -2.00 0.00 1.400 3.498 20 1.999 1.135 0.9818 -1.0023
% 1776177119.800441 robobot/cmd/ti rc 0.100 3.094 1776177119.8002276
% 1776177119.8107169 robobot/cmd/ti rc 0.100 2.767 1776177119.810507
1776177119.8184738 0 1.572 0.463 1.196 31 -2.00 0.00 1.400 2.767 20 2.003 1.196 0.9853 -0.9412
% 1776177119.8208811 robobot/cmd/ti rc 0.100 2.503 1776177119.8206816
% 1776177119.830012 robobot/cmd/ti rc 0.100 2.290 1776177119.829872
% 1776177119.84105 robobot/cmd/ti rc 0.100 -4.000 1776177119.8408194
% 1776177119.8502493 robobot/cmd/ti rc 0.100 -3.093 1776177119.8500814
% 1776177119.8608487 robobot/cmd/ti rc 0.100 -2.362 1776177119.8606803
1776177119.8685997 0 1.574 0.468 1.190 31 -1.00 0.00 0.700 -2.362 20 2.007 1.190 0.9896 -0.9470
% 1776177119.8710148 robobot/cmd/ti rc 0.100 -1.771 1776177119.8708303
% 1776177119.8803322 robobot/cmd/ti rc 0.100 -1.294 1776177119.8801708
% 1776177119.8906796 robobot/cmd/ti rc 0.100 -0.910 1776177119.8905132
1776177119.8907056 0 1.575 0.469 1.183 31 -1.00 0.00 0.700 -0.910 20 2.010 1.183 0.9922 -0.9539
% 1776177119.9008896 robobot/cmd/ti rc 0.100 -0.599 1776177119.9007187
% 1776177119.910964 robobot/cmd/ti rc 0.100 4.000 1776177119.9108114
1776177119.9193628 0 1.576 0.472 1.171 31 -2.00 0.00 1.400 4.000 20 2.012 1.171 0.9950 -0.9666
% 1776177119.920814 robobot/cmd/ti rc 0.100 3.498 1776177119.9203818
% 1776177119.931085 robobot/cmd/ti rc 0.100 3.094 1776177119.9303625
% 1776177119.940821 robobot/cmd/ti rc 0.100 2.767 1776177119.9406352
% 1776177119.9507816 robobot/cmd/ti rc 0.100 2.503 1776177119.950613
% 1776177119.9608681 robobot/cmd/ti alive 2026-04-14 16:31:30.374114
% 1776177119.9612157 robobot/cmd/ti rc 0.100 2.290 1776177119.9610038
1776177119.968561 0 1.578 0.477 1.252 31 -2.00 0.00 1.400 2.290 20 2.017 1.252 0.9994 -0.8848
% 1776177119.9709241 robobot/cmd/ti rc 0.100 -4.000 1776177119.9707775
% 1776177119.98004 robobot/cmd/ti rc 0.100 -3.093 1776177119.9798582
% 1776177119.9903731 robobot/cmd/ti rc 0.100 -2.362 1776177119.9901726
1776177119.9903975 0 1.578 0.479 1.241 31 -1.00 0.00 0.700 -2.362 20 2.019 1.241 1.0017 -0.8963
% 1776177120.0003984 robobot/cmd/ti rc 0.100 -1.771 1776177120.0001903
% 1776177120.0106256 robobot/cmd/ti rc 0.100 -1.294 1776177120.010468
1776177120.0193443 0 1.579 0.482 1.211 31 -1.00 0.00 0.700 -1.294 20 2.022 1.211 1.0050 -0.9263
% 1776177120.0207117 robobot/cmd/ti rc 0.100 -0.910 1776177120.020562
% 1776177120.0307722 robobot/cmd/ti rc 0.100 4.000 1776177120.0306187
% 1776177120.0411792 robobot/cmd/ti rc 0.100 3.498 1776177120.0409877
% 1776177120.050386 robobot/cmd/ti rc 0.100 3.094 1776177120.0501547
% 1776177120.0605695 robobot/cmd/ti rc 0.100 2.767 1776177120.0603068
1776177120.0694582 0 1.581 0.486 1.251 31 -2.00 0.00 1.400 2.767 20 2.027 1.251 1.0101 -0.8859
% 1776177120.0717719 robobot/cmd/ti rc 0.100 2.503 1776177120.0716066
% 1776177120.0804732 robobot/cmd/ti rc 0.100 2.290 1776177120.0802932
% 1776177120.091567 robobot/cmd/ti rc 0.100 2.119 1776177120.0903475
1776177120.0916023 0 1.582 0.488 1.267 31 -2.00 0.00 1.400 2.119 20 2.029 1.267 1.0114 -0.8698
% 1776177120.1006594 robobot/cmd/ti rc 0.100 -4.000 1776177120.10036
% 1776177120.110803 robobot/cmd/ti rc 0.100 -3.093 1776177120.1105182
1776177120.119482 0 1.583 0.492 1.288 31 -1.00 0.00 0.700 -3.093 20 2.032 1.288 1.0146 -0.8491
% 1776177120.1207836 robobot/cmd/ti rc 0.100 -2.362 1776177120.1206152
% 1776177120.131066 robobot/cmd/ti rc 0.100 4.000 1776177120.1308432
% 1776177120.1410291 robobot/cmd/ti rc 0.100 3.498 1776177120.1408732
% 1776177120.150972 robobot/cmd/ti rc 0.100 3.094 1776177120.150812
% 1776177120.1610124 robobot/cmd/ti rc 0.100 2.767 1776177120.160866
1776177120.1697834 0 1.584 0.497 1.320 31 -2.00 0.00 1.400 2.767 20 2.037 1.320 1.0198 -0.8168
% 1776177120.1711464 robobot/cmd/ti rc 0.100 2.503 1776177120.170991
% 1776177120.1804142 robobot/cmd/ti rc 0.100 2.290 1776177120.1802592
% 1776177120.19041 robobot/cmd/ti rc 0.100 2.119 1776177120.1902547
1776177120.1904333 0 1.585 0.499 1.338 31 -2.00 0.00 1.400 2.119 20 2.039 1.338 1.0220 -0.7995
% 1776177120.200369 robobot/cmd/ti rc 0.100 1.980 1776177120.2002199
% 1776177120.2103913 robobot/cmd/ti rc 0.100 1.868 1776177120.2102387
1776177120.2191992 0 1.586 0.503 1.376 31 -2.00 0.00 1.400 1.868 20 2.043 1.376 1.0259 -0.7615
% 1776177120.220566 robobot/cmd/ti rc 0.100 1.778 1776177120.22039
% 1776177120.2308493 robobot/cmd/ti rc 0.100 1.705 1776177120.230651
% 1776177120.2416024 robobot/cmd/ti rc 0.100 1.646 1776177120.241444
% 1776177120.2510636 robobot/cmd/ti rc 0.100 1.599 1776177120.2508194
% 1776177120.2610774 robobot/cmd/ti rc 0.100 -4.000 1776177120.260821
1776177120.2695804 0 1.587 0.508 1.453 31 -1.00 0.00 0.700 -4.000 20 2.049 1.453 1.0313 -0.6843
% 1776177120.2710593 robobot/cmd/ti rc 0.100 4.000 1776177120.2708194
% 1776177120.281172 robobot/cmd/ti rc 0.100 3.498 1776177120.2809374
% 1776177120.2905123 robobot/cmd/ti rc 0.100 -4.000 1776177120.2902033
1776177120.2905383 0 1.587 0.510 1.464 31 -1.00 0.00 0.700 -4.000 20 2.051 1.464 1.0337 -0.6728
% 1776177120.3013403 robobot/cmd/ti rc 0.100 -3.093 1776177120.3011038
% 1776177120.3102455 robobot/cmd/ti rc 0.100 -2.362 1776177120.310083
1776177120.3189535 0 1.587 0.513 1.506 31 -1.00 0.00 0.700 -2.362 20 2.054 1.506 1.0363 -0.6313
% 1776177120.3203294 robobot/cmd/ti rc 0.100 -1.771 1776177120.3201528
% 1776177120.330409 robobot/cmd/ti rc 0.100 -1.294 1776177120.3302522
% 1776177120.3403597 robobot/cmd/ti rc 0.100 -0.910 1776177120.3402064
% 1776177120.3505585 robobot/cmd/ti rc 0.100 -0.599 1776177120.3503213
% 1776177120.3608444 robobot/cmd/ti rc 0.100 -0.348 1776177120.3606508
1776177120.3695812 0 1.587 0.517 1.500 31 -1.00 0.00 0.700 -0.348 20 2.059 1.500 1.0414 -0.6371
% 1776177120.3713222 robobot/cmd/ti rc 0.100 -0.146 1776177120.3708236
% 1776177120.3802867 robobot/cmd/ti rc 0.100 0.017 1776177120.3800642
% 1776177120.3911116 robobot/cmd/ti rc 0.100 0.149 1776177120.3909535
1776177120.391134 0 1.587 0.518 1.500 31 -1.00 0.00 0.700 0.149 20 2.060 1.500 1.0427 -0.6371
% 1776177120.401174 robobot/cmd/ti rc 0.100 0.255 1776177120.4010177
% 1776177120.4105523 robobot/cmd/ti rc 0.100 0.341 1776177120.4102688
1776177120.4192326 0 1.588 0.521 1.504 31 -1.00 0.00 0.700 0.341 20 2.063 1.504 1.0452 -0.6336
% 1776177120.4205344 robobot/cmd/ti rc 0.100 0.410 1776177120.4203746
% 1776177120.4303927 robobot/cmd/ti rc 0.100 0.466 1776177120.4302442
% 1776177120.4411821 robobot/cmd/ti rc 0.100 0.511 1776177120.4410362
% 1776177120.4506576 robobot/cmd/ti rc 0.100 0.548 1776177120.4504886
% 1776177120.4606996 robobot/cmd/ti rc 0.100 0.577 1776177120.4604387
% 1776177120.4620566 robobot/cmd/ti alive 2026-04-14 16:31:30.374114
1776177120.4693294 0 1.588 0.525 1.506 31 -1.00 0.00 0.700 0.577 20 2.066 1.506 1.0491 -0.6313
% 1776177120.4706752 robobot/cmd/ti rc 0.100 0.601 1776177120.4704607
% 1776177120.4808364 robobot/cmd/ti rc 0.100 0.620 1776177120.4805954
% 1776177120.4904773 robobot/cmd/ti rc 0.100 0.635 1776177120.49026
1776177120.4905043 0 1.588 0.527 1.506 31 -1.00 0.00 0.700 0.635 20 2.068 1.506 1.0511 -0.6313
% 1776177120.5010676 robobot/cmd/ti rc 0.100 0.648 1776177120.5008676
% 1776177120.5113032 robobot/cmd/ti rc 0.100 0.658 1776177120.511105
1776177120.5200517 0 1.588 0.529 1.520 31 -1.00 0.00 0.700 0.658 20 2.071 1.520 1.0535 -0.6175
% 1776177120.5203817 robobot/cmd/ti rc 0.100 0.666 1776177120.5201757
% 1776177120.5308783 robobot/cmd/ti rc 0.100 0.673 1776177120.5306304
% 1776177120.5410075 robobot/cmd/ti rc 0.100 0.678 1776177120.540129
% 1776177120.5505087 robobot/cmd/ti rc 0.100 0.682 1776177120.5503001
% 1776177120.5609927 robobot/cmd/ti rc 0.100 0.686 1776177120.5607214
1776177120.5697343 0 1.588 0.533 1.556 31 -1.00 0.00 0.700 0.686 20 2.075 1.556 1.0579 -0.5806
% 1776177120.5704682 robobot/cmd/ti rc 0.100 0.688 1776177120.57027
% 1776177120.5808496 robobot/cmd/ti rc 0.100 0.691 1776177120.5806181
% 1776177120.5906875 robobot/cmd/ti rc 0.100 0.692 1776177120.5905275
1776177120.5907102 0 1.588 0.535 1.570 31 -1.00 0.00 0.700 0.692 20 2.078 1.570 1.0602 -0.5668
% 1776177120.6006956 robobot/cmd/ti rc 0.100 0.694 1776177120.6005394
% 1776177120.610997 robobot/cmd/ti rc 0.100 0.695 1776177120.6107478
1776177120.6195636 0 1.588 0.539 1.583 31 -1.00 0.00 0.700 0.695 20 2.081 1.583 1.0638 -0.5541
% 1776177120.6209695 robobot/cmd/ti rc 0.100 0.696 1776177120.6208189
% 1776177120.631007 robobot/cmd/ti rc 0.100 0.697 1776177120.6307986
% 1776177120.6422884 robobot/cmd/ti rc 0.100 0.697 1776177120.6419663
% 1776177120.6516385 robobot/cmd/ti rc 0.100 0.698 1776177120.651283
% 1776177120.66056 robobot/cmd/ti rc 0.100 0.698 1776177120.6602724
1776177120.6703887 0 1.588 0.544 1.617 31 -1.00 0.00 0.700 0.698 20 2.087 1.617 1.0697 -0.5196
% 1776177120.6707118 robobot/cmd/ti rc 0.100 0.699 1776177120.670512
% 1776177120.68094 robobot/cmd/ti rc 0.100 0.699 1776177120.6806974
% 1776177120.6911166 robobot/cmd/ti rc 0.100 0.699 1776177120.6909697
1776177120.6911376 0 1.588 0.546 1.633 31 -1.00 0.00 0.700 0.699 20 2.089 1.633 1.0721 -0.5046
% 1776177120.7004983 robobot/cmd/ti rc 0.100 0.699 1776177120.7003465
% 1776177120.7107625 robobot/cmd/ti rc 0.100 0.699 1776177120.7105877
1776177120.7205074 0 1.588 0.549 1.650 31 -1.00 0.00 0.700 0.699 20 2.092 1.650 1.0745 -0.4873
% 1776177120.7207863 robobot/cmd/ti rc 0.100 0.700 1776177120.7206178
% 1776177120.73113 robobot/cmd/ti rc 0.100 0.700 1776177120.730976
% 1776177120.7411292 robobot/cmd/ti rc 0.100 0.700 1776177120.7410004
% 1776177120.7509842 robobot/cmd/ti rc 0.100 0.700 1776177120.7508032
% 1776177120.761046 robobot/cmd/ti rc 0.100 0.700 1776177120.7608638
1776177120.7707174 0 1.587 0.554 1.685 31 -1.00 0.00 0.700 0.700 20 2.097 1.685 1.0795 -0.4516
% 1776177120.7710745 robobot/cmd/ti rc 0.100 0.700 1776177120.7709217
% 1776177120.7803078 robobot/cmd/ti rc 0.100 0.700 1776177120.7801607
% 1776177120.790314 robobot/cmd/ti rc 0.100 0.700 1776177120.7901454
1776177120.7903357 0 1.587 0.556 1.698 31 -1.00 0.00 0.700 0.700 20 2.099 1.698 1.0817 -0.4389
% 1776177120.8003013 robobot/cmd/ti rc 0.100 0.700 1776177120.8001654
% 1776177120.810415 robobot/cmd/ti rc 0.100 0.700 1776177120.8102314
1776177120.8203795 0 1.587 0.559 1.718 31 -1.00 0.00 0.700 0.700 20 2.102 1.718 1.0849 -0.4194
% 1776177120.820645 robobot/cmd/ti rc 0.100 0.700 1776177120.8205082
% 1776177120.8308241 robobot/cmd/ti rc 0.100 0.700 1776177120.8305979
% 1776177120.8414152 robobot/cmd/ti rc 0.100 0.700 1776177120.841245
% 1776177120.8514888 robobot/cmd/ti rc 0.100 0.700 1776177120.851309
% 1776177120.8606288 robobot/cmd/ti rc 0.100 0.700 1776177120.8603957
1776177120.8706853 0 1.586 0.563 1.754 31 -1.00 0.00 0.700 0.700 20 2.107 1.754 1.0895 -0.3836
% 1776177120.8710434 robobot/cmd/ti rc 0.100 0.700 1776177120.8708284
% 1776177120.8804898 robobot/cmd/ti rc 0.100 0.700 1776177120.8803396
% 1776177120.8909395 robobot/cmd/ti rc 0.100 0.700 1776177120.8907418
1776177120.8909655 0 1.586 0.565 1.768 31 -1.00 0.00 0.700 0.700 20 2.109 1.768 1.0918 -0.3687
% 1776177120.9009879 robobot/cmd/ti rc 0.100 0.700 1776177120.9008443
% 1776177120.9104667 robobot/cmd/ti rc 0.100 0.700 1776177120.9102666
1776177120.9202647 0 1.585 0.568 1.792 31 -1.00 1.00 0.700 0.700 20 2.111 1.792 1.0940 -0.3456
% 1776177120.9205675 robobot/cmd/ti rc 0.100 0.700 1776177120.9204326
% 1776177120.9309428 robobot/cmd/ti rc 0.100 0.700 1776177120.9306638
% 1776177120.9409688 robobot/cmd/ti rc 0.100 0.700 1776177120.9406278
% 1776177120.9512105 robobot/cmd/ti rc 0.100 0.700 1776177120.9509609
% 1776177120.9614165 robobot/cmd/ti rc 0.100 0.700 1776177120.9611785
% 1776177120.963192 robobot/cmd/ti alive 2026-04-14 16:31:30.374114
1776177120.9699593 0 1.584 0.572 1.824 31 -1.00 1.00 0.700 0.700 20 2.116 1.824 1.0984 -0.3134
% 1776177120.9714832 robobot/cmd/ti rc 0.100 0.700 1776177120.971215
% 1776177120.980436 robobot/cmd/ti rc 0.100 0.700 1776177120.9802182
% 1776177120.9903977 robobot/cmd/ti rc 0.100 0.700 1776177120.990163
1776177120.9904253 0 1.583 0.575 1.833 31 -1.00 1.00 0.700 0.700 20 2.118 1.833 1.1010 -0.3042
% 1776177121.0004518 robobot/cmd/ti rc 0.100 0.700 1776177121.0002298
% 1776177121.0106294 robobot/cmd/ti rc 0.100 0.700 1776177121.0103927
1776177121.0204134 0 1.582 0.578 1.850 31 -1.00 1.00 0.700 0.700 20 2.122 1.850 1.1048 -0.2869
% 1776177121.0207727 robobot/cmd/ti rc 0.100 0.700 1776177121.0205302
% 1776177121.0307724 robobot/cmd/ti rc 0.100 0.700 1776177121.0305276
% 1776177121.0413256 robobot/cmd/ti rc 0.100 0.700 1776177121.0411391
% 1776177121.0515409 robobot/cmd/ti rc 0.100 0.700 1776177121.0512993
% 1776177121.0613186 robobot/cmd/ti rc 0.100 0.700 1776177121.0611537
1776177121.070101 0 1.581 0.582 1.889 31 -1.00 1.00 0.700 0.700 20 2.127 1.889 1.1097 -0.2477
% 1776177121.0714483 robobot/cmd/ti rc 0.100 0.700 1776177121.0712125
% 1776177121.080499 robobot/cmd/ti rc 0.100 0.700 1776177121.080345
% 1776177121.090534 robobot/cmd/ti rc 0.100 0.700 1776177121.0903847
1776177121.0905557 0 1.580 0.584 1.904 31 -1.00 1.00 0.700 0.700 20 2.129 1.904 1.1121 -0.2327
% 1776177121.1006474 robobot/cmd/ti rc 0.100 0.700 1776177121.100444
% 1776177121.110612 robobot/cmd/ti rc 0.100 -4.000 1776177121.1104271
% 1776177121.1180758 robobot/cmd/ti rc 0.0 0.0
1776177121.1203482 0 1.579 0.587 1.927 31 0.00 1.00 0.000 -4.000 20 2.132 1.927 1.1145 -0.2097
1776177121.1703022 0 1.579 0.589 1.929 31 -1.00 1.00 0.000 -4.000 20 2.134 1.929 1.1172 -0.2085
1776177121.1904736 0 1.578 0.590 1.923 31 0.00 1.00 0.000 -4.000 20 2.136 1.923 1.1185 -0.2143
% 1776177121.2187648 robobot/cmd/T0 leds 14 0 0 0
% 1776177121.2188895 robobot/cmd/T0 leds 15 0 0 0
% 1776177121.2190812 robobot/cmd/T0 leds 16 0 0 0
% 1776177121.2191987 robobot/cmd/ti rc 0.0 0.0
1776177121.2209008 0 1.578 0.590 1.922 31 -1.00 1.00 0.000 -4.000 20 2.137 1.922 1.1200 -0.2154
% 1776177121.2395828 robobot/cmd/ti rc 0 0
% 1776177121.2598462 robobot/cmd/T0 stop
% 1776177121.2599723 robobot/cmd/T0 leds 14 0 0 0
% 1776177121.2702343 robobot/cmd/T0 leds 15 0 0 0
% 1776177121.2703428 robobot/cmd/T0 leds 16 0 0 0
1776177121.2706027 0 1.578 0.590 1.921 31 0.00 1.00 0.000 -4.000 20 2.138 1.921 1.1209 -0.2166
% 1776177121.2806182 robobot/cmd/ti log 0
